stock,name,ticker,country,sector,base_quarter,current_weight,predicted_weight,low,mid,high,predicted_change_%,model
TW0002330008,Taiwan Semiconductor Manufacturing Co Ltd,2330,TWN,Technology,Aug-26,15.272518739226806,15.357854476331967,9.251814737505557,14.546833604885364,24.098081771267452,-4.395585238487931,ridge_a0.1
KR7005930003,Samsung Electronics Co Ltd,005930,KOR,Technology,Aug-26,7.08765452045642,7.515089059462932,4.294799328653225,7.151775289874981,12.759031510905755,0.8067602124807782,ridge_a0.1
KR7000660001,SK hynix Inc,000660,KOR,Technology,Aug-26,5.383400082379486,5.7489547029032995,3.3973458275651516,5.431826135336797,9.986492513830584,1.5290437592466093,ridge_a0.1
00700|CHN,Tencent Holdings Ltd,00700,CHN,Communication Services,Aug-26,2.8945948767662473,2.7367071230226907,1.6110032500731186,2.6177647202191987,4.557097220402712,-10.112645379512095,ridge_a0.1
09988|CHN,Alibaba Group Holding Ltd Ordinary Shares,09988,CHN,Consumer Cyclical,Aug-26,1.9689338877049471,1.8380536226996873,1.0106964441051862,1.708858733559182,3.025881071078667,-11.246577491594117,ridge_a0.1
TW0002454006,MediaTek Inc,2454,TWN,Technology,Aug-26,1.4735236806921403,1.5517360711022044,0.8647411573851139,1.4695000506854818,2.6452902383830685,0.11952993218573016,ridge_a0.1
TW0002308004,Delta Electronics Inc,2308,TWN,Technology,Aug-26,0.9133150983223328,0.9313574666265864,0.5249385061789573,0.8800436989639451,1.4885433860011066,-3.0486570216565063,ridge_a0.1
KR7005931001,Samsung Electronics Co Ltd Participating Preferred,005935,KOR,Technology,Aug-26,0.887469963932147,0.92799734109101,0.5191712116263026,0.8770799184485265,1.5917300035761195,-0.5851791304543497,ridge_a0.1
TW0002317005,Hon Hai Precision Industry Co Ltd,2317,TWN,Technology,Aug-26,0.7916514098134687,0.787370087971629,0.43276526499760837,0.7508961797447637,1.3547216985451012,-5.440974380682007,ridge_a0.1
CNE1000002H1,China Construction Bank Corp Class H,00939,CHN,Financial Services,Aug-26,0.7950412644599114,0.7855727246275492,0.44844927927695954,0.7359090057374356,1.4261975656928159,-6.059083705272136,ridge_a0.1
INE040A01034,HDFC Bank Ltd,HDFCBANK,IND,Financial Services,Aug-26,0.7084194461719665,0.6534977101621777,0.36214793271927576,0.6185733107725302,1.1655877599394688,-12.297562874584104,ridge_a0.1
INE002A01018,Reliance Industries Ltd,RELIANCE,IND,Energy,Aug-26,0.665534776147739,0.6224371328426058,0.3522344805973182,0.5909619548340979,1.1339507035607994,-11.08340857694214,ridge_a0.1
INE090A01021,ICICI Bank Ltd,ICICIBANK,IND,Financial Services,Aug-26,0.6289484159399792,0.6095791093253209,0.34171684546064074,0.576426502724694,1.0422083241388445,-7.85471592358151,ridge_a0.1
KR7402340004,SK Square,402340,KOR,Technology,Aug-26,0.560318903083153,0.5930140753212442,0.33223732843290243,0.5553414384922934,1.0676104225331025,0.6208063326420127,ridge_a0.1
TW0003711008,ASE Technology Holding Co Ltd,3711,TWN,Technology,Aug-26,0.5303116690531043,0.5343411412965863,0.3151690902520094,0.509713644624974,0.908664506173908,-4.204414509015439,ridge_a0.1
CNE1000003G1,Industrial And Commercial Bank Of China Ltd Class H,01398,CHN,Financial Services,Aug-26,0.49981300639087894,0.49790724803871245,0.28120604889735046,0.46653736667946566,0.7662717250696266,-5.289318665800128,ridge_a0.1
GB00BRXH2664,Anglogold Ashanti PLC,AU,USA,Basic Materials,Aug-26,0.4737672888855191,0.49529584947681876,0.28312487732300223,0.4683905659940817,0.8844480691885331,-0.6065689038762867,ridge_a0.1
KR7009150004,Samsung Electro-Mechanics Co Ltd,009150,KOR,Technology,Aug-26,0.46974559742627797,0.486401385544268,0.27663563472209307,0.4605106941164807,0.8647221746409934,-1.5557962059437047,ridge_a0.1
01810|CHN,Xiaomi Corp Class B,01810,CHN,Technology,Aug-26,0.49249172268702346,0.4675300253797933,0.2592134589674574,0.43847995436274345,0.7811141536471451,-9.745547250688864,ridge_a0.1
TW0002383007,Elite Material Co Ltd,2383,TWN,Technology,Aug-26,0.4030817990981582,0.423969995400437,0.24092605861954883,0.40189103277812094,0.717950903061927,0.0,naive (no feature history)
INE397D01024,Bharti Airtel Ltd,BHARTIARTL,IND,Communication Services,Aug-26,0.43799329029421435,0.4220008976111547,0.23500462705684316,0.3983735238086358,0.7680107345371697,-8.398205199225586,ridge_a0.1
BRVALEACNOR0,Vale SA,VALE3,BRA,Basic Materials,Aug-26,0.4326276919633065,0.419741915723268,0.23854505262440912,0.39780439302499965,0.7571359523730884,-7.758556308759637,ridge_a0.1
NU|BRA,Nu Holdings Ltd Ordinary Shares Class A,NU,BRA,Financial Services,Aug-26,0.422478186335496,0.41011695412630933,0.2309332712426218,0.387779327749607,0.7360306305188304,-7.708543668379889,ridge_a0.1
SA0007879113,Al Rajhi Bank,1120,SAU,Financial Services,Aug-26,0.43376098656404033,0.4049955032926128,0.22217920548715672,0.38667926574688233,0.720977460872875,-11.231725282006916,ridge_a0.1
TW0003037008,Unimicron Technology Corp,3037,TWN,Technology,Aug-26,0.3808973065599003,0.39906915273092625,0.23269579715822353,0.3760092602203967,0.7494494711908094,-0.3910589255367386,ridge_a0.1
TW0002303005,United Microelectronics Corp,2303,TWN,Technology,Aug-26,0.3769658775024875,0.3900567498678656,0.22234180780121723,0.37045972925912507,0.7301217599432369,-1.6252088362792183,ridge_a0.1
03690|CHN,Meituan Class B,03690,CHN,Consumer Cyclical,Aug-26,0.40266057455629267,0.38767254210825164,0.22385391497272455,0.37010249903887804,0.7054727097812324,-8.465671667662455,ridge_a0.1
CNE1000001Z5,Bank Of China Ltd Class H,03988,CHN,Financial Services,Aug-26,0.38892063116686526,0.3836342295609584,0.21547689733644154,0.36099215875611956,0.6793187957829901,-6.219091868258012,ridge_a0.1
PDD|CHN,PDD Holdings Inc ADR,PDD,CHN,Consumer Cyclical,Aug-26,0.3943062878092904,0.3814297019137857,0.22374127621765494,0.3655048044439002,0.6926167244973613,-8.031549007994384,ridge_a0.1
CNE1000003X6,Ping An Insurance (Group) Co. of China Ltd Class H,02318,CHN,Financial Services,Aug-26,0.38355503283595743,0.364128015498701,0.20077184127571585,0.34065000934067924,0.6235329831194801,-9.742255938865005,ridge_a0.1
ZAE000018123,Gold Fields Ltd,GFI,ZAF,Basic Materials,Aug-26,0.3456749115353243,0.35515811896215094,0.2026662753467853,0.33790976566540365,0.6361139344893693,-2.318582625046986,ridge_a0.1
KR7105560007,KB Financial Group Inc,105560,KOR,Financial Services,Aug-26,0.3590939219404731,0.3541896550753698,0.20621865987239682,0.3333063158911622,0.6287426340068214,-6.225256677451438,ridge_a0.1
09999|CHN,NetEase Inc Ordinary Shares,09999,CHN,Communication Services,Aug-26,0.34745007210461537,0.34185945380069355,0.18978073675929258,0.3241024065179434,0.6488882216147872,-6.456577793302492,ridge_a0.1
CNE100000296,BYD Co Ltd Class H,01211,HKG,Consumer Cyclical,Aug-26,0.34910488280480184,0.3408069385617193,0.18641410138186612,0.3252479857558531,0.5709752275788229,-7.186623833341502,ridge_a0.1
SA14TG012N13,Saudi Arabian Oil Co,2222,SAU,Energy,Aug-26,0.3399582927528619,0.3291653304510277,0.1839578155233361,0.30961179930245053,0.5390788379337538,-7.945184285331671,ridge_a0.1
MXP370841019,Grupo Mexico SAB de CV Class B,GMEXICOB,MEX,Basic Materials,Aug-26,0.31914779455354664,0.3280600647811598,0.18623395136762017,0.3098055275030993,0.522745740777153,-2.2718709346495727,ridge_a0.1
BRITUBACNPR1,Itau Unibanco Holding SA Participating Preferred,ITUB4,BRA,Financial Services,Aug-26,0.33029018660146914,0.3260030784237712,0.18455431097632327,0.3088809075093767,0.5855540605566513,-6.160843223148094,ridge_a0.1
ZAE000351946,Naspers Ltd Class N,NPN,ZAF,Consumer Cyclical,Aug-26,0.3035223698814825,0.31925127368810996,0.17913241042815164,0.30362451621844344,0.6012468635076225,0.0,naive (no feature history)
KR7005380001,Hyundai Motor Co,005380,KOR,Consumer Cyclical,Aug-26,0.31427362485481547,0.3139987302168495,0.17128454364574017,0.29327060340467004,0.5806396958274561,-5.00997040802936,ridge_a0.1
TW0002881000,Fubon Financial Holdings Co Ltd,2881,TWN,Financial Services,Aug-26,0.3101115252149524,0.3042045694619321,0.1658784423320408,0.28895893880107054,0.5579903589980495,-6.737749269582505,ridge_a0.1
BRPETRACNPR6,Petroleo Brasileiro SA Petrobras Participating Preferred,PETR4,BRA,Energy,Aug-26,0.29680283552314934,0.30278327051986287,0.17382215808419327,0.28662401810118276,0.5606860833654616,-3.01113079347477,ridge_a0.1
TW0002345006,Accton Technology Corp,2345,TWN,Technology,Aug-26,0.2750796841497919,0.2832952064656465,0.15854826094324956,0.27100122663952286,0.5211660344652121,-2.087356752069494,ridge_a0.1
BRPETRACNOR9,Petroleo Brasileiro SA Petrobras,PETR3,BRA,Energy,Aug-26,0.2770654569900157,0.2816081410018023,0.160032611794117,0.2656527641990243,0.5143684192087774,-3.368017888427416,ridge_a0.1
INE009A01021,Infosys Ltd,INFY,IND,Technology,Aug-26,0.29554919105331107,0.2794171258293597,0.14717527811091838,0.2624863921501813,0.46097080342268704,-10.116223335869693,ridge_a0.1
TW0003017000,Asia Vital Components Co Ltd,3017,TWN,Technology,Aug-26,0.27829904314833653,0.278142719090857,0.15627154442456753,0.26436912954553476,0.43750174293940974,-4.980213841877953,ridge_a0.1
TW0001303006,Nan Ya Plastics Corp,1303,TWN,Basic Materials,Aug-26,0.26869111193149603,0.2776010943090291,0.15807965056392673,0.2627002322339347,0.48991372061886157,-1.7741175639471696,ridge_a0.1
TW0002891009,CTBC Financial Holding Co Ltd,2891,TWN,Financial Services,Aug-26,0.2753203838880008,0.2718019140128396,0.1513583535595342,0.25724203151724073,0.5115696631322565,-6.141802370874511,ridge_a0.1
SA13L050IE10,Saudi National Bank,1180,SAU,Financial Services,Aug-26,0.2749793925922048,0.26475518208295706,0.14791381656196417,0.252036611434019,0.48658301808142623,-8.461796058105255,ridge_a0.1
HU0000061726,OTP Bank PLC,OTP,HUN,Financial Services,Aug-26,0.25872213110734216,0.2647528492328925,0.14929745955721596,0.2524508054976621,0.49978048833930533,-2.7106888007852605,ridge_a0.1
KR7055550008,Shinhan Financial Group Co Ltd,055550,KOR,Financial Services,Aug-26,0.26837017894721743,0.2620231486703413,0.1458051839470166,0.245600084062578,0.45731962112321634,-7.175317745680279,ridge_a0.1
TW0002882008,Cathay Financial Holding Co Ltd,2882,TWN,Financial Services,Aug-26,0.2575286615720561,0.25441947479095645,0.14238603991495571,0.2402067681572547,0.47600669178567123,-6.07464462972808,ridge_a0.1
09618|CHN,JD.com Inc Ordinary Shares - Class A,09618,CHN,Consumer Cyclical,Aug-26,0.2604170584305635,0.2525475420960417,0.14166523246075508,0.23918624818027487,0.40914790104012805,-7.799817000494339,ridge_a0.1
KR7034020008,Doosan Enerbility Co Ltd,034020,KOR,Industrials,Aug-26,0.23337845450509173,0.24303572517547098,0.13678545912897885,0.22800917332170884,0.3962908234139463,-0.9926528327498213,ridge_a0.1
INE101A01026,Mahindra & Mahindra Ltd,M&M,IND,Consumer Cyclical,Aug-26,0.24687769815631022,0.2405511907426811,0.1369864518968401,0.22216713944303462,0.4452879927746765,-7.363163123902769,ridge_a0.1
CNE100000502,Zijin Mining Group Co Ltd Class H,02899,CHN,Basic Materials,Aug-26,0.23632702629815136,0.24036711576899214,0.1317283496820143,0.2273376545113142,0.42410831133141386,-3.3015020944689724,ridge_a0.1
INE296A01032,Bajaj Finance Ltd,500034,IND,Financial Services,Aug-26,0.2283939640930148,0.24022962119017072,0.13448790495033028,0.2301155070473423,0.4651266813112754,0.0,naive (no feature history)
TW0002382009,Quanta Computer Inc,2382,TWN,Technology,Aug-26,0.23054020342537793,0.23992911432604208,0.13177490414099374,0.22728190513857047,0.4343370333049798,-1.054887936248619,ridge_a0.1
ZAE000066304,Firstrand Ltd,FSR,ZAF,Financial Services,Aug-26,0.24498218771791475,0.239297505675668,0.1321733075571811,0.22790480068777946,0.4117487862765101,-7.132933108902454,ridge_a0.1
TW0002327004,Yageo Corp,2327,TWN,Technology,Aug-26,0.23780131219468115,0.23865357980694937,0.13311366167814245,0.2245065165314209,0.41069403258729137,-4.586072641536893,ridge_a0.1
HK0992009065,Lenovo Group Ltd,00992,CHN,Technology,Aug-26,0.23013903719502968,0.23789372959505356,0.14143376765682383,0.22610663796165154,0.4575486322875747,-1.7232538224824345,ridge_a0.1
KR7012450003,Hanwha Aerospace Co Ltd,012450,KOR,Industrials,Aug-26,0.22827361422391035,0.23629747543181295,0.1301291725696569,0.2201082925029998,0.37711345612610647,-1.5849692263043753,ridge_a0.1
INE018A01030,Larsen & Toubro Ltd,LT,IND,Industrials,Aug-26,0.23233542230618634,0.2306036056525112,0.1306521077233225,0.21522825703280773,0.33709966070725045,-5.635480858171659,ridge_a0.1
CNE1000002L3,China Life Insurance Co Ltd Class H,02628,CHN,Financial Services,Aug-26,0.2258866751533383,0.2264109435399517,0.13214320657726988,0.21235202868681996,0.4172394147044788,-4.706151305908121,ridge_a0.1
INE238A01034,Axis Bank Ltd,532215,IND,Financial Services,Aug-26,0.23259618035591267,0.2242373715845623,0.12526934367497086,0.21320338928137486,0.41534879155858423,-8.343455201858028,ridge_a0.1
PLPKO0000016,PKO Bank Polski SA,PKO,POL,Financial Services,Aug-26,0.21644923958439583,0.22218221215801978,0.12364268706335477,0.20827172305170646,0.3820023519166504,-2.4086584795994517,ridge_a0.1
KW0EQ0100085,Kuwait Finance House,KFH,KWT,Financial Services,Aug-26,0.2343913992367211,0.22180099494470742,0.12462777428677349,0.20775026105574895,0.3626319292266934,-10.033694946810767,ridge_a0.1
TW0002059003,King Slide Works Co Ltd,2059,TWN,Consumer Cyclical,Aug-26,0.2096895886030279,0.22055596187784177,0.12324531439061334,0.20994958614545667,0.3927792550435836,0.0,naive (no feature history)
MXP370711014,Grupo Financiero Banorte SAB de CV Class O,GFNORTEO,MEX,Financial Services,Aug-26,0.21728165951236844,0.22051786192863512,0.12660059292124257,0.20930952478168233,0.35089322894845404,-3.5107858452222365,ridge_a0.1
CNE1000003W8,PetroChina Co Ltd Class H,00857,CHN,Energy,Aug-26,0.22110276785643543,0.22050450658301674,0.12397221959233196,0.2105220851409039,0.39149750028771624,-5.1840596817147,ridge_a0.1
KR7086790003,Hana Financial Group Inc,086790,KOR,Financial Services,Aug-26,0.21859547891675887,0.213908934478255,0.1228413959367587,0.2045773614209558,0.39767368181058094,-6.9651171997912735,ridge_a0.1
ZAE000109815,Standard Bank Group Ltd,SBK,ZAF,Financial Services,Aug-26,0.21280865604398547,0.20981141333782605,0.11608596945768826,0.19572459880054663,0.41383184776481036,-6.265841217444038,ridge_a0.1
INE237A01036,Kotak Mahindra Bank Ltd,KOTAKBANK,IND,Financial Services,Aug-26,0.19837670090720733,0.2086568263795537,0.11547580485718224,0.19248069979832852,0.35150877432341415,0.0,naive (no feature history)
KR7006400006,Samsung SDI Co Ltd,006400,KOR,Industrials,Aug-26,0.2035216578114236,0.20602141798958562,0.1169618421094546,0.19262109577321984,0.34221307142610286,-3.759071054790042,ridge_a0.1
ZAE000035861,Capitec Bank Holdings Ltd,CPI,ZAF,Financial Services,Aug-26,0.20560772220923448,0.2044213262796904,0.1154307268534875,0.19092717474125762,0.37056862041900873,-5.475400552439735,ridge_a0.1
09961|CHN,Trip.com Group Ltd,09961,CHN,Consumer Cyclical,Aug-26,0.2117255072220452,0.2041033480233962,0.11392179761381166,0.1938134648117432,0.3568477863471585,-8.34946326217119,ridge_a0.1
BAP|PER,Credicorp Ltd,BAP,PER,Financial Services,Aug-26,0.20351162865566486,0.19993676974390853,0.11108308555065848,0.18926266352710058,0.35023492433648745,-6.596853382246764,ridge_a0.1
ZAE000013181,Valterra Platinum Ltd,VAL,ZAF,Basic Materials,Aug-26,0.19673191936277956,0.1996043427768806,0.1099990345795097,0.18991164835862462,0.3735807263621139,-3.538675070999914,ridge_a0.1
TW0002887007,TS Financial Holding Co Ltd,2887,TWN,Financial Services,Aug-26,0.20558766389771704,0.19893579695539804,0.11514258921535711,0.18703649887441093,0.3628557079882231,-8.002939208034189,ridge_a0.1
09888|CHN,Baidu Inc,09888,CHN,Communication Services,Aug-26,0.20651034622751804,0.19790491375197683,0.11007104116916681,0.18826575465978707,0.37175219151005373,-8.888577241925999,ridge_a0.1
TH0528010R18,Delta Electronics (Thailand) PCL Units Non-Voting Depository Receipt,DELTA-R,THA,Industrials,Aug-26,0.189310344101337,0.19535327173579084,0.10596214696789828,0.1838737446908427,0.33189027572825347,-1.892002779328969,ridge_a0.1
TW0002360005,Chroma Ate Inc,2360,TWN,Technology,Aug-26,0.185589527314857,0.19520700567005264,0.11095829764690972,0.18559424966256266,0.36202675396141604,0.0,naive (no feature history)
TW0006669005,Wiwynn Corp Ordinary Shares,6669,TWN,Technology,Aug-26,0.18858824488671017,0.1950900848698625,0.10449820786087607,0.18289109868174272,0.3279275782411061,-1.6490306212819577,ridge_a0.1
CH1391448177,BeOne Medicines Ltd Ordinary Shares,06160,USA,Healthcare,Aug-26,0.18451640764867547,0.19407827561835336,0.11217561274263431,0.18780665974310057,0.39091271714858516,0.0,naive (no feature history)
PLPKN0000018,Orlen SA,PKN,POL,Energy,Aug-26,0.18743489197445895,0.19288238858363693,0.11497631258533983,0.18395389506688778,0.3531005629058802,-2.1636591966839367,ridge_a0.1
SA0007879543,Saudi Telecom Co,7010,SAU,Communication Services,Aug-26,0.1932518023145085,0.18748499050520834,0.10383881346761123,0.17642837554675178,0.3217886694033837,-7.763881612655766,ridge_a0.1
CNE1000002M1,China Merchants Bank Co Ltd Class H,03968,CHN,Financial Services,Aug-26,0.19136632103187176,0.18647323066093946,0.10406564200939862,0.17919601594083837,0.32973323899788903,-7.357758745707124,ridge_a0.1
02269|CHN,WuXi Biologics (Cayman) Inc,02269,CHN,Healthcare,Aug-26,0.18398486239346407,0.18621335770927774,0.10582155004168421,0.17772449903387283,0.33386155109158083,-3.7752470492845,ridge_a0.1
AEN000101016,First Abu Dhabi Bank PJSC,FAB,ARE,Financial Services,Aug-26,0.19128608778580214,0.18410966126943457,0.10453962528104542,0.17574687159388258,0.31672606965719624,-8.49364424850024,ridge_a0.1
KW0EQ0100010,National Bank of Kuwait SAK,NBK,KWT,Financial Services,Aug-26,0.19557856645052832,0.18408540436476517,0.10329204115469201,0.17507577283254905,0.31236177158694894,-10.513780034471248,ridge_a0.1
KR7028260008,Samsung C&T Corp,028260,KOR,Industrials,Aug-26,0.17973250035177266,0.18264472428134856,0.10165314576668628,0.1703246485591151,0.33483001630528325,-3.3863295024147644,ridge_a0.1
KR7035420009,NAVER Corp,035420,KOR,Communication Services,Aug-26,0.1835736670073571,0.18125501638731856,0.10216804282944707,0.17019660472533077,0.29727779169202884,-6.1276440950248725,ridge_a0.1
KR7000270009,Kia Corp,000270,KOR,Consumer Cyclical,Aug-26,0.17685413264902397,0.18094893186367203,0.09926858192925975,0.17040712945265757,0.29624204693125333,-2.7255291445367202,ridge_a0.1
TW0002885001,Yuanta Financial Holdings Co Ltd,2885,TWN,Financial Services,Aug-26,0.1829518593503173,0.1780021453311059,0.10152394051293104,0.16754274962735888,0.3293245869148032,-7.498989972819106,ridge_a0.1
TW0003008009,Largan Precision Co Ltd,3008,TWN,Technology,Aug-26,0.16862019577112625,0.17289574094137788,0.09630201438210564,0.16403662250477008,0.3182001806640587,-2.5161277596180005,ridge_a0.1
CNE100000Q43,Agricultural Bank of China Ltd Class H,01288,CHN,Financial Services,Aug-26,0.17455745598028027,0.17281852980583162,0.09781907461814371,0.1651245134402409,0.3293000700090734,-5.873920879094163,ridge_a0.1
KR7068270008,Celltrion Inc,068270,KOR,Healthcare,Aug-26,0.17056585198831525,0.17091490406349882,0.09757884052821282,0.16246607186300066,0.3175839653940042,-4.732248855740714,ridge_a0.1
SA123GA0ITH7,Saudi Arabian Mining Co,1211,SAU,Basic Materials,Aug-26,0.17473798078393699,0.1697795012990873,0.09787903940567028,0.16091486960856116,0.2607285094794578,-7.624669200058543,ridge_a0.1
ZAE000042164,MTN Group Ltd,MTN,ZAF,Communication Services,Aug-26,0.16653413137331538,0.16964716748314754,0.0964423852994489,0.16157887443299013,0.31029527589519856,-3.1495991410112527,ridge_a0.1
MXP320321310,Fomento Economico Mexicano SAB de CV Units Cons. Of 1 Shs-B- And 4 Shs-D-,FEMSAUBD,MEX,Consumer Defensive,Aug-26,0.16395663834332788,0.1691576181610755,0.09284535742874932,0.15935650576325505,0.3045533546442285,-1.9109288466838432,ridge_a0.1
TW0002357001,Asustek Computer Inc,2357,TWN,Technology,Aug-26,0.16472888333674826,0.16854886715006928,0.09390149244133938,0.15874124616174456,0.2991901608756263,-2.722108355147132,ridge_a0.1
TW0002301009,Lite-On Technology Corp,2301,TWN,Technology,Aug-26,0.15978450954770612,0.16435288871651546,0.09107008290559056,0.1534689148521648,0.2651632640387236,-2.208584214069209,ridge_a0.1
INE062A01020,State Bank of India,SBIN,IND,Financial Services,Aug-26,0.1655813615762383,0.16084089498971227,0.0905367546287972,0.1543128449110514,0.29004512059793,-7.648682091762652,ridge_a0.1
01801|CHN,Innovent Biologics Inc,01801,CHN,Healthcare,Aug-26,0.1596942471458778,0.1600867123610254,0.09076871058049582,0.1515469114769042,0.3104017105535501,-4.693157791829808,ridge_a0.1
CNE1000002R0,China Shenhua Energy Co Ltd Class H,01088,CHN,Energy,Aug-26,0.15928305175977084,0.1579083841045791,0.09159633928204258,0.14757004653218353,0.2999310174922794,-5.7473244497614235,ridge_a0.1
INE467B01029,Tata Consultancy Services Ltd,TCS,IND,Technology,Aug-26,0.1624923816025568,0.15629589458794393,0.09007329552204571,0.14638643021557782,0.27518227698957703,-8.552332549423134,ridge_a0.1
QA0006929895,Qatar National Bank SAQ,QNBK,QAT,Financial Services,Aug-26,0.1640870173681911,0.15620438109965046,0.08648717678386163,0.14719020824106024,0.25618616610810047,-9.49406580129987,ridge_a0.1
INE280A01028,Titan Co Ltd,TITAN,IND,Consumer Cyclical,Aug-26,0.15571267230967148,0.1561827234282116,0.08643195618353199,0.14562917112020243,0.24596635602639644,-4.639811823758603,ridge_a0.1
AEE000401019,Emirates Telecommunications Group Co PJSC,EAND,ARE,Communication Services,Aug-26,0.16141926193637526,0.15608435441882998,0.08525933673022541,0.1468369156493206,0.2879032444268306,-8.068979505000412,ridge_a0.1
KR7012330007,Hyundai Mobis Co Ltd,012330,KOR,Consumer Cyclical,Aug-26,0.15653506308188536,0.15547438559610463,0.08682365970736414,0.14416704599639443,0.24762477379616823,-5.571023484521431,ridge_a0.1
SCCO|USA,Southern Copper Corp,SCCO,USA,Basic Materials,Aug-26,0.15797926151113903,0.1547356507933296,0.08856875279383646,0.14561373129469438,0.29546647748534305,-6.878841053848464,ridge_a0.1
INE044A01036,Sun Pharmaceuticals Industries Ltd,SUNPHARMA,IND,Healthcare,Aug-26,0.14847162185188562,0.1493845102299499,0.08305940717877111,0.1427640342688895,0.27263122335566853,-4.342245737298189,ridge_a0.1
AEE000301011,Emaar Properties PJSC,EMAAR,ARE,Real Estate,Aug-26,0.1520520304577437,0.1482268860815694,0.08174236888725114,0.13977874326799272,0.2391518413962753,-7.318548426433538,ridge_a0.1
KR7005490008,POSCO Holdings Inc,005490,KOR,Basic Materials,Aug-26,0.14171197087051768,0.14405707237666593,0.07728265827794525,0.13692574836007482,0.2614811667284531,-3.3535041328018407,ridge_a0.1
BRBBDCACNPR8,Bank Bradesco SA Participating Preferred,BBDC4,BRA,Financial Services,Aug-26,0.14156153353413709,0.1425324042412333,0.07948770522979345,0.13338704438834229,0.2577669565271577,-4.274770091148391,ridge_a0.1
TW0002886009,Mega Financial Holding Co Ltd,2886,TWN,Financial Services,Aug-26,0.14340689819373903,0.14199652575406183,0.08157650363069045,0.13542566484094942,0.2551658763790983,-5.86183205524326,ridge_a0.1
TW0007769002,Hon Precision Inc,7769,TWN,Technology,Aug-26,0.13455115365880152,0.14152376050091472,0.08232444337988704,0.13250791367065962,0.265654065431947,0.0,naive (no feature history)
KR7032830002,Samsung Life Insurance Co Ltd,032830,KOR,Financial Services,Aug-26,0.14642567407710957,0.1413314711408493,0.08028587057527833,0.13203164249880492,0.2566210951250573,-8.234441209077401,ridge_a0.1
TW0005274005,Aspeed Technology Inc,5274,TWN,Technology,Aug-26,0.1332473634101697,0.140152406232495,0.0792257828843491,0.13282248471145927,0.2442025751362205,0.0,naive (no feature history)
MX01AM050019,America Movil SAB de CV Ordinary Shares - Class B,AMXB,MEX,Communication Services,Aug-26,0.14172200002627638,0.1400595216396976,0.09277589929048796,0.13131975367738352,0.22202062178702672,-6.042071774228683,ridge_a0.1
ID1000109507,PT Bank Central Asia Tbk,BBCA,IDN,Financial Services,Aug-26,0.14443990123688577,0.1387745030619397,0.08720217129328142,0.1279070135021802,0.22623173802852778,-8.655886786443379,ridge_a0.1
TW0003443008,Global Unichip Corp,3443,TWN,Technology,Aug-26,0.13382905444417467,0.13726085911636793,0.08846406640349239,0.12751814191117933,0.22389496814851909,-2.488829597071571,ridge_a0.1
INE721A01047,Shriram Finance Ltd,SHRIRAMFIN,IND,Financial Services,Aug-26,0.13028876246135138,0.137040486931081,0.08906291430163286,0.12816502679964958,0.2415039787108732,0.0,naive (no feature history)
TW0002884004,E. Sun Financial Holding Co Ltd,2884,TWN,Financial Services,Aug-26,0.14068899698312964,0.13661117614559648,0.08726642086208188,0.12489540880374889,0.22116833874519115,-7.682472838778182,ridge_a0.1
MXP225611567,Cemex SAB de CV,CEMEXCPO,MEX,Basic Materials,Aug-26,0.13358835470596572,0.13467132362797382,0.08441247591557588,0.12704875072422753,0.2337681617574652,-4.156074370739479,ridge_a0.1
TW0003231007,Wistron Corp,3231,TWN,Technology,Aug-26,0.13789086252645064,0.1339408507605509,0.08697604187893958,0.1251279091910911,0.23748425955699137,-7.650269826643397,ridge_a0.1
MYL1295OO004,Public Bank Bhd,1295,MYS,Financial Services,Aug-26,0.13645669325295567,0.13305910932360454,0.08633691629506203,0.12179191504564636,0.21028398544935673,-7.294001671953968,ridge_a0.1
GRS003003035,National Bank of Greece SA,ETE,GRC,Financial Services,Aug-26,0.13028876246135138,0.13255802141104064,0.08327348678181874,0.12306960465294997,0.2307091005324343,-3.2709060077220906,ridge_a0.1
INE585B01010,Maruti Suzuki India Ltd,MARUTI,IND,Consumer Cyclical,Aug-26,0.13449097872424925,0.12958581159257654,0.08427123617299818,0.1202746923148983,0.21650054005676939,-8.39432801770476,ridge_a0.1
AEE000801010,Emirates NBD PJSC,EMIRATESNB,ARE,Financial Services,Aug-26,0.1293359926642743,0.1282530044386548,0.08111520540235914,0.11841085328280648,0.18985489148503326,-5.7229004650040025,ridge_a0.1
BRB3SAACNOR6,B3 SA - Brasil Bolsa Balcao,B3SA3,BRA,Financial Services,Aug-26,0.12768118196408781,0.1281504639123538,0.082413162404728,0.12010677280147539,0.21282321629264564,-4.577376152747578,ridge_a0.1
TW0006446008,PharmaEssentia Corp,6446,TWN,Healthcare,Aug-26,0.12478275594982173,0.12764773937171042,0.08273869750859941,0.11811532717158171,0.20346956951615133,-2.7439514313819497,ridge_a0.1
KR7066570003,LG Electronics Inc,066570,KOR,Technology,Aug-26,0.12594613801783164,0.12702700653281154,0.08333037539756026,0.11932682913082057,0.21421544103818482,-4.1108928614761755,ridge_a0.1
TW0002412004,Chunghwa Telecom Co Ltd,2412,TWN,Communication Services,Aug-26,0.13149226115239615,0.12702140741611764,0.08258560407865394,0.11729871473530512,0.20808039125533462,-8.159382990653977,ridge_a0.1
KR7316140003,Woori Financial Group Inc,316140,KOR,Financial Services,Aug-26,0.1291554678606176,0.1264097374935228,0.08238408972423827,0.11735975677924709,0.20171230807577872,-6.9479814945458624,ridge_a0.1
TW0002883006,KGI Financial Holding Co Ltd,2883,TWN,Financial Services,Aug-26,0.1291554678606176,0.12532429623254318,0.08071586721627659,0.11733795019615392,0.2187704629525238,-7.746990354986175,ridge_a0.1
TW0003653002,Jentech Precision Industrial Co Ltd,3653,TWN,Technology,Aug-26,0.1304592581092494,0.12369175603420479,0.07837030145859185,0.11628877658769826,0.20766135451484674,-9.858679343317524,ridge_a0.1
INE263A01024,Bharat Electronics Ltd,BEL,IND,Industrials,Aug-26,0.12200467980466012,0.12315253163755448,0.07958261752099499,0.11640371434304064,0.20461835521021013,-4.03233668485867,ridge_a0.1
INE733E01010,NTPC Ltd,532555,IND,Utilities,Aug-26,0.12233564194469744,0.12289281156868759,0.08005964813244021,0.11268570358357365,0.20530174242614888,-4.4938054585652285,ridge_a0.1
MYL1023OO000,CIMB Group Holdings Bhd,1023,MYS,Financial Services,Aug-26,0.12486298919589138,0.12089823266858184,0.07490696114993436,0.1134261650445297,0.19856076619545499,-7.945655359651452,ridge_a0.1
TW0002890001,SinoPac Financial Holdings Co Ltd,2890,TWN,Financial Services,Aug-26,0.12617680860028188,0.12089607463947274,0.07834366943856387,0.11353427212342597,0.2104133351463987,-8.905799749910628,ridge_a0.1
00175|CHN,Geely Automobile Holdings Ltd,00175,CHN,Consumer Cyclical,Aug-26,0.12121237649972234,0.12082339137638719,0.07776054574563461,0.1113559255018545,0.20434911558131796,-5.231911364270797,ridge_a0.1
CNE100003662,Contemporary Amperex Technology Co Ltd Class A,300750,CHN,Industrials,Aug-26,0.11737120984413789,0.11783092221734028,0.07370806034191556,0.1106121708908723,0.19471634108180882,-4.554433187290718,ridge_a0.1
YUMC|CHN,Yum China Holdings Inc,YUMC,CHN,Consumer Cyclical,Aug-26,0.12164363019734671,0.11736616250249256,0.07397479385826779,0.10828110624974116,0.17388714164545627,-8.269956722687875,ridge_a0.1
CNE100006WS8,Contemporary Amperex Technology Co Ltd Ordinary Shares - Class H,03750,CHN,Industrials,Aug-26,0.11127348314284456,0.11703981237012884,0.07126890225728032,0.10799751302226537,0.19617971205988266,0.0,naive (no feature history)
KR7034730002,SK Inc,034730,KOR,Industrials,Aug-26,0.11602730297247128,0.11681853395803737,0.07348777763183968,0.1071014488179752,0.18426987725559438,-4.278472521137122,ridge_a0.1
BRITSAACNPR7,Itausa Investimentos ITAU SA Participating Preferred,ITSA4,BRA,Industrials,Aug-26,0.11757179295931203,0.11663342709395443,0.07453140403041965,0.10928437457525551,0.19965706495873264,-5.685609697527866,ridge_a0.1
INE081A01020,Tata Steel Ltd,TATASTEEL,IND,Basic Materials,Aug-26,0.1186549417812523,0.11616874733079764,0.07556774338945862,0.10746718803165826,0.18293955884709776,-6.9188925759674085,ridge_a0.1
INE030A01027,Hindustan Unilever Ltd,500696,IND,Consumer Defensive,Aug-26,0.12153330948400094,0.1161093420582335,0.07514461985113745,0.10879246307614127,0.2014415340677073,-9.169876304379002,ridge_a0.1
KR7267260008,HD Hyundai Electric,267260,KOR,Industrials,Aug-26,0.11279791481816791,0.11558326844768338,0.07442971977229892,0.10700953463464843,0.19455321482153806,-2.5791384975888483,ridge_a0.1
TW0006223001,MPI Corp,6223,TWN,Technology,Aug-26,0.10987943049238441,0.11557351819081853,0.07485831779988719,0.10622958311304082,0.18202485424373263,0.0,naive (no feature history)
MX01WA000038,Wal - Mart de Mexico SAB de CV,WALMEX,MEX,Consumer Defensive,Aug-26,0.11833400879697369,0.11498810982968474,0.07305197292968896,0.10571927857176036,0.18916472347117785,-7.615008398193482,ridge_a0.1
KR7000810002,Samsung Fire & Marine Insurance Co Ltd,000810,KOR,Financial Services,Aug-26,0.11751161802475978,0.114016485004475,0.0749765222780824,0.10555804579434273,0.18675482283929953,-7.754559765690172,ridge_a0.1
INE038A01020,Hindalco Industries Ltd,HINDALCO,IND,Basic Materials,Aug-26,0.11469342525656336,0.11343532634802912,0.0730362694807855,0.10296313089980319,0.18553200888420113,-5.969690016019396,ridge_a0.1
PLKGHM000017,KGHM Polska Miedz SA,KGH,POL,Basic Materials,Aug-26,0.10968887653296899,0.11311735911345683,0.07126422244556305,0.10574198336890697,0.18964905989084654,-1.9551616295992642,ridge_a0.1
BRAXIAACNOR0,Axia Energia,AXIA3,BRA,Utilities,Aug-26,0.10731196661815565,0.11287300516993048,0.07393137123079108,0.10713901415011637,0.19620169896636672,0.0,naive (no feature history)
CNE0000018R8,Kweichow Moutai Co Ltd Class A,600519,CHN,Consumer Defensive,Aug-26,0.11697004361378965,0.11284909743140442,0.0734975836329708,0.10308704232796516,0.19335190034525127,-8.276312931250915,ridge_a0.1
GRS829003003,Eurobank SA,EUROB,GRC,Financial Services,Aug-26,0.1072417625278447,0.11279916301701556,0.07437218154634415,0.10469187379104841,0.17980612421211306,0.0,naive (no feature history)
BRWEGEACNOR0,Weg SA,WEGE3,BRA,Industrials,Aug-26,0.11405155928800616,0.11244310599405562,0.07166639707717556,0.1044067241772326,0.17885040644001052,-6.267614028768373,ridge_a0.1
CNE100000593,PICC Property and Casualty Co Ltd Class H,02328,CHN,Financial Services,Aug-26,0.11185517417684954,0.11025774991087937,0.07023976459177204,0.10329319327838565,0.18404018068968298,-6.284567710691677,ridge_a0.1
ZAE000083648,Impala Platinum Holdings Ltd,IMP,ZAF,Basic Materials,Aug-26,0.10807418245581732,0.10919928682835472,0.0698830538532827,0.10187898152840177,0.16408464024015804,-3.937052271353436,ridge_a0.1
CNE1000002Q2,China Petroleum & Chemical Corp Class H,00386,CHN,Energy,Aug-26,0.11096257931432468,0.10903056694565509,0.07012582677846642,0.1016575443507541,0.18315910181800146,-6.582166108017179,ridge_a0.1
GRS831003009,Piraeus Bank SA,TPEIR,GRC,Financial Services,Aug-26,0.10223721380425033,0.10753527240208141,0.06816703276227898,0.0998230851407882,0.18530532266656735,0.0,naive (no feature history)
ICT|PHL,International Container Terminal Services Inc,ICT,PHL,Industrials,Aug-26,0.11052129646094161,0.10735823954344226,0.06930825932134325,0.09942248752899924,0.1821125621456465,-7.647750898093228,ridge_a0.1
3665|USA,Bizlink Holding Inc,3665,USA,Industrials,Aug-26,0.10147499796658867,0.1067335575990053,0.07207360955890063,0.10032985424745153,0.17863556321016322,0.0,naive (no feature history)
BREMBJACNOR1,Embraer SA,EMBJ3,BRA,Industrials,Aug-26,0.09893762155963601,0.10406469121508075,0.0676593799083084,0.09731686859797768,0.18144167907774916,0.0,naive (no feature history)
02423|CHN,KE Holdings Inc Class A,02423,CHN,Real Estate,Aug-26,0.09846625123897683,0.10356889390265209,0.06824862488308536,0.09690823693458753,0.17497085431096107,0.0,naive (no feature history)
MYL1155OO000,Malayan Banking Bhd,1155,MYS,Financial Services,Aug-26,0.10567721422948655,0.10315196840667713,0.06745466426998332,0.09523202129525457,0.1776500900024315,-7.198663794039298,ridge_a0.1
AEA000201011,Abu Dhabi Commercial Bank,ADCB,ARE,Financial Services,Aug-26,0.10672024642839198,0.10306606714096858,0.06606974870343565,0.09761448327059391,0.18531202565929375,-8.182185596410354,ridge_a0.1
INE481G01011,UltraTech Cement Ltd,532538,IND,Basic Materials,Aug-26,0.1028088756824966,0.1023719369470696,0.06624037613827262,0.09561821495866075,0.17174417745983142,-5.330872035367215,ridge_a0.1
BRBPACUNT006,Banco BTG Pactual S.A. Units Cons of 1 Sh ' 2 Pfd Shs -A-,BPAC11,BRA,Financial Services,Aug-26,0.1005322573252703,0.10231366094392005,0.06436380575841408,0.09432886074822253,0.1764446169542107,-3.242139576192721,ridge_a0.1
PLPEKAO00016,Bank Polska Kasa Opieki SA,PEO,POL,Financial Services,Aug-26,0.09918835045360366,0.10172303758118988,0.06712348363247668,0.09490133613306506,0.17016207523970864,-2.4972828867316417,ridge_a0.1
KR7207940008,Samsung BioLogics Co Ltd,207940,KOR,Healthcare,Aug-26,0.10116409413806879,0.10171093052603747,0.06557875571887753,0.09543366926926009,0.16952886206987933,-4.412897666463642,ridge_a0.1
TW0002368008,Gold Circuit Electronics Ltd,2368,TWN,Technology,Aug-26,0.0961093996356809,0.10108990734050878,0.06503818334402153,0.09387432662509913,0.1646171016721539,0.0,naive (no feature history)
BRABEVACNOR1,Ambev SA,ABEV3,BRA,Consumer Defensive,Aug-26,0.10291919639584235,0.10064001628421027,0.06645334360266066,0.09452817985377349,0.17313012094574406,-7.0322377089791726,ridge_a0.1
KR7298040007,Hyosung Heavy Industries Co Ltd Ordinary Shares,298040,KOR,Industrials,Aug-26,0.09544747535560628,0.10039368132731108,0.06362678311385557,0.09403105560672291,0.17059242039192052,0.0,naive (no feature history)
ZAE000015228,Harmony Gold Mining Co Ltd,HAR,ZAF,Basic Materials,Aug-26,0.09599907892233513,0.09771917441320649,0.06327945313115878,0.09075592398868801,0.15284975651506807,-3.2233044737415506,ridge_a0.1
KR7373220003,LG Energy Solution Ltd,373220,KOR,Industrials,Aug-26,0.10173575601631504,0.09764767977970439,0.06277614761149859,0.0922255877087583,0.16344517755871746,-8.74716252850903,ridge_a0.1
4958|USA,Zhen Ding Technology Holding Ltd,4958,USA,Technology,Aug-26,0.09242869947223575,0.09721846875197004,0.06114008245078628,0.09025913594407861,0.1574135105085174,0.0,naive (no feature history)
INE860A01027,HCL Technologies Ltd,HCLTECH,IND,Technology,Aug-26,0.09865680519839226,0.0963309219681212,0.0624265490414658,0.08977319896926929,0.16502577719186814,-7.16820775994419,ridge_a0.1
SA15CGS10H12,ACWA Power Co,2082,SAU,Utilities,Aug-26,0.09721260676913857,0.09589649433665155,0.06366105283232229,0.09195639993965271,0.16297461435432126,-6.213957988329239,ridge_a0.1
TH0646010R18,Ptt PCL Units Non-Voting Depository Receipt,PTT-R,THA,Energy,Aug-26,0.09812525994318082,0.09587800968063939,0.060873567458065506,0.09023278711085453,0.15431333853083873,-7.104162245477416,ridge_a0.1
ZAE000255915,Absa Group Ltd,ABG,ZAF,Financial Services,Aug-26,0.09920840876512108,0.09578953060486417,0.06128913508706924,0.08931048131197813,0.164443908651461,-8.203182041911372,ridge_a0.1
02020|CHN,ANTA Sports Products Ltd,02020,CHN,Consumer Cyclical,Aug-26,0.10003079953733499,0.09533725716657351,0.06218857929175416,0.08881205106808668,0.16300335308365768,-9.387736549799017,ridge_a0.1
INE752E01010,Power Grid Corp Of India Ltd,532898,IND,Utilities,Aug-26,0.09633004106237242,0.09518202869040758,0.061063311529800726,0.0891254173913883,0.16189617311583182,-6.059843901132311,ridge_a0.1
01109|CHN,China Resources Land Ltd,01109,CHN,Real Estate,Aug-26,0.09817540572197435,0.09501134626322953,0.06209093549209315,0.09009528710630749,0.16679605350984458,-7.990889315307212,ridge_a0.1
KR7196170005,Alteogen Inc,196170,KOR,Healthcare,Aug-26,0.0982756972795614,0.09496724671237505,0.06053189417203922,0.08803157087072622,0.160479833829487,-8.12744822427232,ridge_a0.1
TW0002892007,First Financial Holding Co Ltd,2892,TWN,Financial Services,Aug-26,0.0983860179929072,0.09405157521649166,0.060165666612645274,0.08605691266973674,0.15015853519073327,-9.115304603665425,ridge_a0.1
INE361B01024,Divi's Laboratories Ltd,DIVISLAB,IND,Healthcare,Aug-26,0.09503627996949933,0.09383963994144855,0.06032791728114461,0.08674958234468497,0.16389229980387254,-6.123914817123915,ridge_a0.1
TW0003481008,Innolux Corp,3481,TWN,Technology,Aug-26,0.09233843707040738,0.0937034465376415,0.059786953389675705,0.08724145483670667,0.15426174776478974,-3.5213735994231943,ridge_a0.1
01024|CHN,Kuaishou Technology Ordinary Shares - Class B,01024,CHN,Communication Services,Aug-26,0.09701202365396444,0.09342412484266616,0.05935358730668018,0.08688696079028467,0.1532297499199022,-8.443002904002958,ridge_a0.1
KR7033780008,KT&G Corp,033780,KOR,Consumer Defensive,Aug-26,0.09566811678229782,0.09279346896292087,0.0595675638244174,0.08590821042308164,0.15887534522926353,-7.783581422591801,ridge_a0.1
SA0007879121,Saudi Basic Industries Corp,2010,SAU,Basic Materials,Aug-26,0.09664094489089231,0.09278110602913987,0.060458481579192515,0.08631406973646435,0.15558438108880002,-8.72403277807519,ridge_a0.1
HK0000218211,Hua Hong Grace Semiconductor Ltd Shs Unitary 144A/Reg S,01347,CHN,Technology,Aug-26,0.09062345143566863,0.09242961474843948,0.05885217965587486,0.08620675879764217,0.15917222335968295,-3.0319615767901458,ridge_a0.1
INE066A01021,Eicher Motors Ltd,EICHERMOT,IND,Consumer Cyclical,Aug-26,0.09378263549966107,0.09239830865603678,0.058835457471520296,0.08509250208304754,0.15646969289906998,-6.330186777277492,ridge_a0.1
PLPZU0000011,Powszechny Zaklad Ubezpieczen SA,PZU,POL,Financial Services,Aug-26,0.09199744577461139,0.09235844640773953,0.05978425638499247,0.08575590625754922,0.1531039579686455,-4.553740098438788,ridge_a0.1
CLP8716X1082,Sociedad Quimica Y Minera De Chile SA Pfd Registered Shs Series -B-,SQM-B,CHL,Basic Materials,Aug-26,0.09056327650111641,0.09125081263771931,0.057985010272162144,0.08401669374992128,0.1456272586681659,-4.205035649811609,ridge_a0.1
TW0002379005,Realtek Semiconductor Corp,2379,TWN,Technology,Aug-26,0.09000164377862886,0.09118926888989035,0.05774294483178432,0.08635365762763622,0.15045568225836428,-3.672262867145837,ridge_a0.1
LU2237380790,Allegro.EU SA Ordinary Shares,ALE,POL,Consumer Cyclical,Aug-26,0.09276969076803175,0.0908944381229835,0.05875662560918195,0.08398342952194213,0.15894087421976127,-6.848625770105493,ridge_a0.1
BRSBSPACNOR5,Companhia De Saneamento Basico Do Estado De Sao Paulo,SBSP3,BRA,Utilities,Aug-26,0.09510648405981027,0.09089029413136175,0.058586993963247624,0.08536263934322187,0.1482373875627323,-9.141523999692827,ridge_a0.1
TW0001216000,Uni-President Enterprises Corp,1216,TWN,Consumer Defensive,Aug-26,0.09254904934134021,0.09014923158441622,0.05880345078637174,0.08207873213719774,0.15228118481837027,-7.392079333916543,ridge_a0.1
TW0002880002,Hua Nan Financial Holdings Co Ltd,2880,TWN,Financial Services,Aug-26,0.09370240225359142,0.08994225134632176,0.057682323818209334,0.08440447947340421,0.14478695716233198,-8.741968807930704,ridge_a0.1
COTK7PA00028,Grupo Cibest SA Participating Preferred,PFCIBEST,COL,Financial Services,Aug-26,0.0850171533665519,0.08942284717995333,0.05814341137039618,0.0841934352096719,0.1530127267418262,0.0,naive (no feature history)
KR7009540006,HD Korea Shipbuilding & Offshore Engineering,009540,KOR,Industrials,Aug-26,0.08848724125906424,0.08841480493050977,0.056286973341393064,0.081922691264954,0.14682818195612007,-5.004637676783447,ridge_a0.1
INE494B01023,TVS Motor Co Ltd,532343,IND,Consumer Cyclical,Aug-26,0.0866218182879449,0.0876935835263715,0.05715447893777966,0.0808391196507339,0.14546716053393957,-3.7504766164840717,ridge_a0.1
KR7010120004,LS Electric Co Ltd,010120,KOR,Industrials,Aug-26,0.09502625081374062,0.08606123947453441,0.05428098510372165,0.07928123027483366,0.1371652064440263,-13.896249734756402,ridge_a0.1
ID1000118201,PT Bank Rakyat Indonesia (Persero) Tbk Registered Shs Series -B-,BBRI,IDN,Financial Services,Aug-26,0.08889843664517118,0.08587072850857021,0.05553008114641781,0.07948609710079758,0.144793963632201,-8.164818285410162,ridge_a0.1
TH0268010R11,Advanced Info Service PCL Units Non-Voting Depository Receipt,ADVANC-R,THA,Communication Services,Aug-26,0.08442543317678824,0.08404345142234791,0.05339515861109358,0.07776329207279957,0.14578613676635493,-5.356967429548162,ridge_a0.1
TW0002449006,King Yuan Electronics Co Ltd,2449,TWN,Technology,Aug-26,0.07989225477385306,0.08403237001716506,0.05435858162797601,0.07917944986404477,0.1462130743308579,0.0,naive (no feature history)
MXP554091415,Industrias Penoles SAB de CV,PE&OLES,MEX,Basic Materials,Aug-26,0.08152700716252217,0.08339739405047773,0.05183766999086909,0.07663085304798278,0.13652044673333463,-2.745647575670665,ridge_a0.1
INE646L01027,InterGlobe Aviation Ltd,INDIGO,IND,Industrials,Aug-26,0.08325202195301963,0.08307587876803423,0.05477655764687995,0.07680500506102761,0.13727252330360185,-5.127964247892317,ridge_a0.1
KR7329180004,HD Hyundai Heavy Industries,329180,KOR,Industrials,Aug-26,0.0850271825223106,0.08302058318193513,0.052896327833206934,0.0764563392029588,0.13424142404083275,-7.170490174363589,ridge_a0.1
09992|CHN,Pop Mart International Group Ltd Ordinary Shares,09992,CHN,Consumer Cyclical,Aug-26,0.0829010015014649,0.08268020032986309,0.05391917026697461,0.07767503114517882,0.13701869474458267,-5.180031007126917,ridge_a0.1
INE021A01026,Asian Paints Ltd,500820,IND,Basic Materials,Aug-26,0.08513750323565637,0.08196424168523772,0.05246768660698122,0.07642039611506092,0.14293853295601233,-8.470396435588318,ridge_a0.1
TW0002395001,Advantech Co Ltd,2395,TWN,Technology,Aug-26,0.08133645320310677,0.08180147378586168,0.05379515842374438,0.07543033459648957,0.13658982041415732,-4.383253142519567,ridge_a0.1
SA0007879048,Riyad Bank,1010,SAU,Financial Services,Aug-26,0.08749435483895232,0.08151978431732604,0.05097933329795742,0.07569207535857272,0.1380556011898199,-11.41890292098414,ridge_a0.1
KR7010140002,Samsung Heavy Industries Co Ltd,010140,KOR,Industrials,Aug-26,0.08264024345173855,0.08143660455247438,0.051959776674349485,0.07427166106120431,0.13816131961657616,-6.311532361444291,ridge_a0.1
QA0006929853,Qatar Islamic Bank QPSC,QIBK,QAT,Financial Services,Aug-26,0.08374345058519622,0.08079080519053865,0.05127413355683506,0.07569345744602507,0.1355439976842536,-8.278921931413958,ridge_a0.1
TRAASELS91H2,Aselsan Elektronik Sanayi Ve Ticaret AS,ASELS,TUR,Industrials,Aug-26,0.07770589881845513,0.08013608270108426,0.051263605279740984,0.07523382607802505,0.14050079503326202,-1.9534793485012387,ridge_a0.1
CNE1000009Q7,China Pacific Insurance (Group) Co Ltd Class H,02601,CHN,Financial Services,Aug-26,0.08130636573583064,0.07970788695171611,0.05167102223339999,0.07513696156413399,0.13522301908444315,-6.795943849598671,ridge_a0.1
CNE100003F19,Wuxi AppTec Co Ltd,02359,CHN,Healthcare,Aug-26,0.08109575346489781,0.07916344820445703,0.05109860811767813,0.07396551500757799,0.13452539371395306,-7.1921620131967625,ridge_a0.1
SA122050HV19,Alinma Bank,1150,SAU,Financial Services,Aug-26,0.08275056416508432,0.07907083131403769,0.050203797508810336,0.07345279639747374,0.13730395199071774,-9.154502550888797,ridge_a0.1
TW0003034005,Novatek Microelectronics Corp,3034,TWN,Technology,Aug-26,0.07782624868755961,0.07861655210795511,0.05095270686074374,0.07324982105390102,0.13397839267077025,-3.96136883683669,ridge_a0.1
CNE100004272,Nongfu Spring Co Ltd Class H Ordinary Shares,09633,CHN,Consumer Defensive,Aug-26,0.08099546190731075,0.07858357551674361,0.05001154544765885,0.0735870114231337,0.12754322340330673,-7.757903629878118,ridge_a0.1
HK1093012172,CSPC Pharmaceutical Group Ltd,01093,CHN,Healthcare,Aug-26,0.07851826043491032,0.07789074498616509,0.0501393214059645,0.07269777343957348,0.13123368512211483,-5.686631961336963,ridge_a0.1
3661|USA,Alchip Technologies Ltd,3661,USA,Technology,Aug-26,0.08057423736544508,0.07763001798169067,0.050165286593506615,0.07329444614226555,0.13219483574987134,-8.400827765146996,ridge_a0.1
INE1TAE01010,Tata Motors Ltd,544569,IND,Consumer Cyclical,Aug-26,0.07296210814458713,0.07674309463656488,0.04972410979380589,0.07115905005486538,0.13810174273877973,0.0,naive (no feature history)
ZAE000070660,Sanlam Ltd,SLM,ZAF,Financial Services,Aug-26,0.07772595712997254,0.0766610009433819,0.05041347827493619,0.0717380769467765,0.12874352702523392,-6.229447995286111,ridge_a0.1
01378|CHN,China Hongqiao Group Ltd,01378,CHN,Basic Materials,Aug-26,0.07818729829487303,0.07658709587138814,0.04876850932963749,0.07135482905100696,0.13022683181149985,-6.872603696282409,ridge_a0.1
INE437A01024,Apollo Hospitals Enterprise Ltd,APOLLOHOSP,IND,Healthcare,Aug-26,0.07738496583417653,0.07630994592193559,0.0494378831974845,0.07170997394385212,0.12976324276992535,-6.247552011867233,ridge_a0.1
INE742F01042,Adani Ports & Special Economic Zone Ltd,532921,IND,Industrials,Aug-26,0.07690356635775863,0.07554403261503358,0.04879929147009199,0.07144097689416232,0.1239955928506964,-6.607554067121643,ridge_a0.1
CLP0939W1081,Banco De Chile,CHILE,CHL,Financial Services,Aug-26,0.07629178785647757,0.07530161025289323,0.05004146435486611,0.06828344045486956,0.11820546224257945,-6.160748135902333,ridge_a0.1
BRPRIOACNOR1,PRIO SA,PRIO3,BRA,Energy,Aug-26,0.07751534485903971,0.07511642636503335,0.048019923004830344,0.07035096430282865,0.12676199945609834,-7.8691027452026026,ridge_a0.1
INE669C01036,Tech Mahindra Ltd,532755,IND,Technology,Aug-26,0.07531895974788308,0.0746879515849256,0.04736419335428509,0.0693433625531007,0.1224592401558999,-5.72331545091567,ridge_a0.1
INE047A01021,Grasim Industries Ltd,GRASIM,IND,Basic Materials,Aug-26,0.07647231266013428,0.0744524667995109,0.04813346372504023,0.0697399190861439,0.12431521343803617,-7.437956657088093,ridge_a0.1
CNE100001T72,Yangtze Optical Fibre and Cable Joint Stock Ltd Co Shs -H- Unitary 144A/Reg,06869,CHN,Technology,Aug-26,0.07023417777821907,0.07387379955187133,0.04686432023042993,0.06740738096412055,0.1206931396342677,0.0,naive (no feature history)
AEA000801018,Abu Dhabi Islamic Bank,ADIB,ARE,Financial Services,Aug-26,0.07559977610912684,0.07382186558240036,0.04791776997109526,0.06950371818785527,0.12301454696387819,-7.162684720838309,ridge_a0.1
GRS830003000,Alpha Bank SA,ALPHA,GRC,Financial Services,Aug-26,0.06954216603086834,0.07314592690171008,0.04171062178910145,0.06447691368606029,0.13600586071826792,0.0,naive (no feature history)
ZAE000216537,Bid Corp Ltd,BID,ZAF,Consumer Defensive,Aug-26,0.07432607332777116,0.0723576230712057,0.03893316128920828,0.06452904209788185,0.1334607224020336,-7.444726523805814,ridge_a0.1
ZAE000259701,Sibanye Stillwater Ltd Ordinary Shares,SSW,ZAF,Basic Materials,Aug-26,0.0715881138056444,0.07188832243433303,0.04021133313112765,0.06325780333837125,0.1297153211906549,-4.5281154742876835,ridge_a0.1
KR7051910008,LG Chem Ltd,051910,KOR,Basic Materials,Aug-26,0.07496793929632836,0.07180822143239818,0.04167064168645667,0.06381245315535315,0.13989400312586622,-8.933915738197454,ridge_a0.1
ZAE000012084,Shoprite Holdings Ltd,SHP,ZAF,Consumer Cyclical,Aug-26,0.07315266210400255,0.07134100416791776,0.040052208539920676,0.06511733936749226,0.13790723603037813,-7.281339515547941,ridge_a0.1
CNE100001CY9,Zhongji Innolight Co Ltd Class A,300308,CHN,Technology,Aug-26,0.0691309706447614,0.07115041665959243,0.04056955139302359,0.06417078620937891,0.13395148445430294,-2.1495428795264697,ridge_a0.1
CGG|CHN,China Gold International Resources Corp Ltd,CGG,CHN,Basic Materials,Aug-26,0.06728560598515947,0.0707724291294452,0.038897151002298354,0.06229423585003191,0.13228289309215993,0.0,naive (no feature history)
SA0007879089,Saudi British Bank,1060,SAU,Financial Services,Aug-26,0.0735638574901095,0.07050681295537228,0.041069833791572516,0.06292488473246996,0.1419552313967725,-8.877703667956057,ridge_a0.1
INE758T01015,Eternal Ltd,543320,IND,Consumer Cyclical,Aug-26,0.06743604332154005,0.07026814558191898,0.04009534394896099,0.06370855003435857,0.14159659050399398,-0.9340343241242555,ridge_a0.1
KR7278470000,APR Co Ltd,278470,KOR,Consumer Defensive,Aug-26,0.06658356508205004,0.07003400760029613,0.03842145630003832,0.06372150671857907,0.12432316365561909,0.0,naive (no feature history)
ZAE000022331,Discovery Ltd,DSY,ZAF,Financial Services,Aug-26,0.07211965906085582,0.06969640137315432,0.03795569471072695,0.06182809211028087,0.13256616112333872,-8.121318188025505,ridge_a0.1
TW0005880009,Taiwan Cooperative Financial Holding Co Ltd,5880,TWN,Financial Services,Aug-26,0.07324292450583089,0.06961520766012351,0.03907915074357347,0.06215864421114018,0.12848837679736275,-9.63577838278344,ridge_a0.1
INE066F01020,Hindustan Aeronautics Ltd Ordinary Shares,541154,IND,Industrials,Aug-26,0.06871977525865444,0.0695636163926351,0.037475112241862917,0.06249223630045384,0.1293508900416492,-3.7593634340228723,ridge_a0.1
HTHT|CHN,H World Group Ltd ADR,HTHT,CHN,Consumer Cyclical,Aug-26,0.07167837620747276,0.069055747554381,0.037390966471173265,0.0625888494137595,0.12749257438808206,-8.40542779559362,ridge_a0.1
INE917I01010,Bajaj Auto Ltd,532977,IND,Consumer Cyclical,Aug-26,0.06762659728095546,0.06825448031704232,0.03745216802029076,0.06016155451586852,0.1268942663585356,-4.04409753448271,ridge_a0.1
CL0000000423,LATAM Airlines Group SA,LTM,CHL,Industrials,Aug-26,0.06895044584110468,0.06795452003699393,0.038447540763212586,0.06164707527364195,0.1299107762749061,-6.300054868835392,ridge_a0.1
INE239A01024,Nestle India Ltd,NESTLEIND,IND,Consumer Defensive,Aug-26,0.07276152502941302,0.06757444118319916,0.03902946646928568,0.060659979267620914,0.12150747241488317,-11.704466331383175,ridge_a0.1
CNE1000001Q4,China Citic Bank Corp Ltd Class H,00998,CHN,Financial Services,Aug-26,0.06845901720892808,0.06740652223720552,0.03760310119760598,0.06098236384154297,0.13442239790506694,-6.388473652694699,ridge_a0.1
INE121A01024,Cholamandalam Investment and Finance Co Ltd,CHOLAFIN,IND,Financial Services,Aug-26,0.06723546020636594,0.06736000143345022,0.03810132485746383,0.060707487412496985,0.12814594691767814,-4.75070457916858,ridge_a0.1
MYL5347OO009,Tenaga Nasional Bhd,5347,MYS,Utilities,Aug-26,0.06728560598515947,0.06735115270754741,0.03852191380896301,0.06061717238497859,0.12921900208921794,-4.8341938576676045,ridge_a0.1
INE019A01038,JSW Steel Ltd,500228,IND,Basic Materials,Aug-26,0.06950204940783351,0.0670224812917938,0.037603102926443435,0.0607424182023165,0.12701670017533573,-8.318658950355006,ridge_a0.1
INE154A01025,ITC Ltd,ITC,IND,Consumer Defensive,Aug-26,0.06901062077565691,0.06690290262852382,0.03782269574507276,0.0593637256056631,0.121239333923586,-7.83052957720409,ridge_a0.1
09926|CHN,Akeso Inc Ordinary Shares,09926,CHN,Healthcare,Aug-26,0.06340432270654017,0.06669001296114957,0.03726257635502366,0.059750149450624734,0.12451359567353433,0.0,naive (no feature history)
CZ0005112300,CEZ AS,CEZ,CZE,Utilities,Aug-26,0.0665334193032565,0.06655050843015492,0.036601351226711834,0.05903052953700201,0.12270592807738144,-4.902390465765924,ridge_a0.1
ID1000095003,PT Bank Mandiri (Persero) Tbk,BMRI,IDN,Financial Services,Aug-26,0.07114683095226132,0.06628081363317138,0.037623604388822014,0.05952938787299922,0.1262195604668072,-11.429247081403854,ridge_a0.1
TW0006488000,GlobalWafers Co Ltd,6488,TWN,Technology,Aug-26,0.06547032879283365,0.06588534298057615,0.03662836426130654,0.05932142305393477,0.1286659088547013,-4.324144322581535,ridge_a0.1
KR7042660001,Hanwha Ocean,042660,KOR,Industrials,Aug-26,0.06789738448644053,0.06577859416407288,0.03732079307372063,0.05854474865191654,0.12195534756064846,-7.893642361498654,ridge_a0.1
INE123W01016,SBI Life Insurance Co Ltd,540719,IND,Financial Services,Aug-26,0.06814811338040819,0.06569123192821301,0.036845538886002206,0.05891528066718436,0.12703418388376211,-8.354396593211622,ridge_a0.1
CNE100000114,CMOC Group Ltd Class H,03993,CHN,Basic Materials,Aug-26,0.06545027048131623,0.06513200895554815,0.036845608475641674,0.059061916442276735,0.11847997090740175,-5.389117350713368,ridge_a0.1
KR7035720002,Kakao Corp,035720,KOR,Communication Services,Aug-26,0.06728560598515947,0.06507354647872746,0.03690349798725648,0.05961623353271871,0.11351547459216545,-8.052405040802388,ridge_a0.1
AEA002001013,Aldar Properties PJSC,ALDAR,ARE,Real Estate,Aug-26,0.06596175742501025,0.06452689680160285,0.0354089075345148,0.05704780050319839,0.11848366012012004,-6.994929234754116,ridge_a0.1
PLBZ00000044,Erste Bank Polska SA,EBP,POL,Financial Services,Aug-26,0.06298309816467451,0.0641262628608202,0.03701101384891591,0.05845452863085482,0.12671042951966782,-3.2011992421120516,ridge_a0.1
INE849A01020,Trent Ltd,500251,IND,Consumer Cyclical,Aug-26,0.06615231138442568,0.06356495416686848,0.03529735997994966,0.057894040409694016,0.12478764429843343,-8.645324164838678,ridge_a0.1
TRATUPRS91E8,Tupras-Turkiye Petrol Rafineleri AS,TUPRS,TUR,Energy,Aug-26,0.06400607205206256,0.06332930429866127,0.03630484018852533,0.05605599426753698,0.11718819019840102,-5.9320657469894735,ridge_a0.1
ZAE000004875,Nedbank Group Ltd,NED,ZAF,Financial Services,Aug-26,0.06520957074310728,0.06314622167245927,0.03621813985470638,0.05807306625506156,0.11576093069063029,-7.935098178479069,ridge_a0.1
02057|CHN,ZTO Express (Cayman) Inc Ordinary Shares,02057,CHN,Industrials,Aug-26,0.0658815241789406,0.0630472868378647,0.03650289565491693,0.057090606619016666,0.12064763545450853,-9.016879122527502,ridge_a0.1
INE918I01026,Bajaj Finserv Ltd,532978,IND,Financial Services,Aug-26,0.06515942496431376,0.0626848653646575,0.035358455710455004,0.056840291418467574,0.12674802398142268,-8.537404747493976,ridge_a0.1
CNE100000205,Bank of Communications Co Ltd Class H,03328,CHN,Financial Services,Aug-26,0.06399604289630385,0.06260721455498688,0.0361671917082646,0.05507349613712838,0.11174662802777424,-6.990067934926617,ridge_a0.1
BREQTLACNOR0,Equatorial SA,EQTL3,BRA,Utilities,Aug-26,0.0621205907694258,0.06226959550450645,0.0353045875845666,0.05593436664547734,0.10840041386959114,-4.698763988377178,ridge_a0.1
MX01GA000004,Grupo Aeroportuario del Pacifico SAB de CV Class B,GAPB,MEX,Industrials,Aug-26,0.06397598458478644,0.062259115369866204,0.034541953637076316,0.055807009411573585,0.11811550294621344,-7.478208570241848,ridge_a0.1
SA0007879139,SABIC Agri-Nutrient Co,2020,SAU,Basic Materials,Aug-26,0.06552047457162717,0.06220774501329699,0.03197871005893249,0.054287319167401454,0.11868937634304844,-9.73373136769444,ridge_a0.1
09901|CHN,New Oriental Education & Technology Group Inc Ordinary Shares,09901,CHN,Consumer Defensive,Aug-26,0.06020502201951293,0.061672221350642986,0.03454001199311165,0.05599216610374915,0.11280692553527227,-2.609871751379994,ridge_a0.1
TW0002603008,Evergreen Marine Corp (Taiwan) Ltd,2603,TWN,Industrials,Aug-26,0.06333411861622924,0.061483022217775504,0.03472178235766224,0.05475543957108376,0.12046352416210451,-7.70555936821371,ridge_a0.1
INE027H01010,Max Healthcare Institute Ltd Ordinary Shares,543220,IND,Healthcare,Aug-26,0.06150881226814473,0.06140883338344604,0.03513369696278353,0.053759398904905734,0.10951917936273067,-5.081345807799565,ridge_a0.1
THC903010R14,Gulf Development PCL NVDR,GULF-R,THA,Utilities,Aug-26,0.05814904508897817,0.061162400371519335,0.032578335173467594,0.05450998470495344,0.10906444058191377,0.0,naive (no feature history)
HK0001200002,Zijin Gold International Co Ltd,02259,HKG,Basic Materials,Aug-26,0.05805878268714982,0.061067460460628754,0.03471654971401474,0.05541667888438802,0.11650942553292969,0.0,naive (no feature history)
CNE1000004L9,Weichai Power Co Ltd Class H,02338,CHN,Consumer Cyclical,Aug-26,0.06401610120782125,0.06101501573149461,0.03347892490084765,0.05434076481171948,0.11693288546748315,-9.383857005166888,ridge_a0.1
INE685A01028,Torrent Pharmaceuticals Ltd,TORNTPHARM,IND,Healthcare,Aug-26,0.06173948285059497,0.06051022146707757,0.03249538140730293,0.05543303208254217,0.10268828279321017,-6.819760801206084,ridge_a0.1
INE059A01026,Cipla Ltd,500087,IND,Healthcare,Aug-26,0.06233120304035862,0.05992285851557216,0.03365904002454438,0.053048431957423384,0.10766467453859055,-8.600234991840534,ridge_a0.1
INE298A01020,Cummins India Ltd,500480,IND,Industrials,Aug-26,0.05952303942792091,0.0596341548615656,0.03193092610685291,0.053696316340252605,0.11140982582231311,-4.749330885717293,ridge_a0.1
02015|CHN,Li Auto Inc Ordinary Shares - Class A,02015,CHN,Consumer Cyclical,Aug-26,0.060646304872896004,0.05956280919992477,0.033267543367174385,0.05375217177880502,0.11280322369255305,-6.625370078991208,ridge_a0.1
KR7017670001,SK Telecom Co Ltd,017670,KOR,Communication Services,Aug-26,0.06109761688203778,0.05951485391369309,0.03324310833263539,0.05271472272647036,0.10902998843109384,-7.389726468867266,ridge_a0.1
INE814H01029,Adani Power Ltd,533096,IND,Utilities,Aug-26,0.05602286406813247,0.05892603802609642,0.032684561434698105,0.054720650324464284,0.11784219040952319,0.0,naive (no feature history)
INE775A01035,Samvardhana Motherson International Ltd,MOTHERSON,IND,Consumer Cyclical,Aug-26,0.05936257293578161,0.05877944517611493,0.03332001175970703,0.054396856531142956,0.11136109084451726,-5.86072872909785,ridge_a0.1
TW0001301000,Formosa Plastics Corp,1301,TWN,Basic Materials,Aug-26,0.061217966751142244,0.05872752793992102,0.031546386565710884,0.05136019882317197,0.10324332294117163,-8.794530168265565,ridge_a0.1
GRS434003000,Public Power Corp SA,PPC,GRC,Utilities,Aug-26,0.059492951960644795,0.058634999033090135,0.032946757912017545,0.052059476572040686,0.11298608763013702,-6.297868610836141,ridge_a0.1
KR7000720003,Hyundai Engineering & Construction Co Ltd,000720,KOR,Industrials,Aug-26,0.05556152290323199,0.058440789592655605,0.03182413312796992,0.051784026220096584,0.11100001528366567,0.0,naive (no feature history)
ZAE000298253,Northam Platinum Holdings Ltd,NPH,ZAF,Basic Materials,Aug-26,0.0554311438783688,0.05830365416581362,0.03206195860400801,0.05130075929576585,0.09955371869296155,0.0,naive (no feature history)
KR7079550000,LIG Defense&Aerospace Co Ltd,079550,KOR,Industrials,Aug-26,0.05519044414015986,0.058050481070105374,0.033912878325821204,0.05246612850223456,0.10404584418306494,0.0,naive (no feature history)
TH0765010R16,Airports Of Thailand PLC Units Non-voting depository receipts,AOT-R,THA,Industrials,Aug-26,0.06060618824986117,0.05804448057828798,0.033177158182053086,0.05204220710269486,0.11159972700703776,-8.945371958279814,ridge_a0.1
TREBIMM00018,Bim Birlesik Magazalar AS,BIMAS,TUR,Consumer Defensive,Aug-26,0.06323382705864217,0.057851435939874296,0.032467291738061045,0.053078713519668114,0.11098854467357888,-13.019331355062718,ridge_a0.1
KR7064350002,Hyundai Rotem Co,064350,KOR,Industrials,Aug-26,0.05826939495808264,0.05773272791548206,0.032629720838088135,0.05175321355804846,0.11118424621529036,-5.802443771129237,ridge_a0.1
09866|CHN,NIO Inc Class A,09866,CHN,Consumer Cyclical,Aug-26,0.061418549866316376,0.05749390928645905,0.03151456621782941,0.05231715963651036,0.10923671475415273,-11.001979515946184,ridge_a0.1
MYL8869OO009,Press Metal Aluminium Holdings Bhd,8869,MYS,Basic Materials,Aug-26,0.05920210644364232,0.05739013226019529,0.03135340297342037,0.05181994863969498,0.10666499492819358,-7.836675518192679,ridge_a0.1
INE171A01029,The Federal Bank Ltd,FEDERALBNK,IND,Financial Services,Aug-26,0.05427779096611761,0.05709053308221157,0.03186734938662062,0.051515462435944,0.10186643581096487,0.0,naive (no feature history)
INE982J01020,One97 Communications Ltd,543396,IND,Technology,Aug-26,0.05423767434308278,0.057048337566260196,0.03215995539887048,0.0509609244015435,0.10508160354252997,0.0,naive (no feature history)
INE758E01017,Jio Financial Services Ltd,543940,IND,Financial Services,Aug-26,0.05874076527874183,0.0568742610304804,0.03087598904236055,0.05135618849681159,0.10418848683667546,-7.947787246287991,ridge_a0.1
HK0267001375,CITIC Ltd,00267,CHN,Industrials,Aug-26,0.05789831619501051,0.05677292725189885,0.03277103173940122,0.051434436453965754,0.10840646588381947,-6.77477944273353,ridge_a0.1
01177|HKG,Sino Biopharmaceutical Ltd,01177,HKG,Healthcare,Aug-26,0.057657616456801564,0.056742701212743794,0.032730986600839826,0.05172058830726785,0.1158005847046793,-6.435438321427306,ridge_a0.1
CNE000001B33,China Merchants Bank Co Ltd Class A,600036,CHN,Financial Services,Aug-26,0.05755732489921451,0.05662530491877865,0.03025388923563543,0.05035306067203343,0.1032129122213291,-6.466320655415244,ridge_a0.1
COTK7PA00010,Grupo Cibest SA,CIBEST,COL,Financial Services,Aug-26,0.0536258958418017,0.0564048559480017,0.03071199829494302,0.05067365684691265,0.09646497006191983,0.0,naive (no feature history)
KR7000150003,Doosan Corp Ordinary Shares,000150,KOR,Industrials,Aug-26,0.05350554597269723,0.05627826940014758,0.03224954392404981,0.05059627711426137,0.1053212217097241,0.0,naive (no feature history)
INE158A01026,Hero MotoCorp Ltd,HEROMOTOCO,IND,Consumer Cyclical,Aug-26,0.05695557555369214,0.05622997104287829,0.03123051827948788,0.05037466813719235,0.11042214072722235,-6.138026586445788,ridge_a0.1
09868|CHN,XPeng Inc Class A,09868,CHN,Consumer Cyclical,Aug-26,0.05784817041621699,0.056153746582505645,0.031927702251572015,0.050763043377088785,0.10454830027228953,-7.711587464879901,ridge_a0.1
KR7003550001,LG Corp,003550,KOR,Technology,Aug-26,0.05825936580232394,0.056049905366188514,0.03128655239518329,0.050650737721889785,0.10168828795227497,-8.532418321027107,ridge_a0.1
TH0737010R15,CP All PCL Units Non-voting Depository Receipts,CPALL-R,THA,Consumer Defensive,Aug-26,0.0578682287277344,0.055881659963347034,0.03010714530116259,0.05123960240438831,0.11180805142383848,-8.190594567156811,ridge_a0.1
XP|BRA,XP Inc Class A,XP,BRA,Financial Services,Aug-26,0.05774787885862992,0.05587783357688769,0.03147329638638997,0.05068171012625408,0.10404437186238533,-8.005558105716307,ridge_a0.1
INE1CDF01017,Vedanta Aluminium Metal Ltd,VAML,IND,Basic Materials,Aug-26,0.053064263119314156,0.05581411872468244,0.032514607042703945,0.050183506956894976,0.09756043292047356,0.0,naive (no feature history)
SA0007879782,Banque Saudi Fransi,1050,SAU,Financial Services,Aug-26,0.057136100357348854,0.055235151609677055,0.0312584105249051,0.04955403077776346,0.10243071340683765,-8.089946135940728,ridge_a0.1
ZAE000006896,Sasol Ltd,SOL,ZAF,Basic Materials,Aug-26,0.055882455887510576,0.05491398309594968,0.03172764369474594,0.04910579957578535,0.10540525206729094,-6.5744791742686886,ridge_a0.1
KR7047810007,Korea Aerospace Industries Ltd,047810,KOR,Industrials,Aug-26,0.054939715246192206,0.05478312095410182,0.0293856623416343,0.0495171650272016,0.10240574437245197,-5.197796499278081,ridge_a0.1
INE522F01014,Coal India Ltd,COALINDIA,IND,Energy,Aug-26,0.054358024212187245,0.05476147661838879,0.03068686008419672,0.04879089781806205,0.10033234315524686,-4.221164318309498,ridge_a0.1
TW0002002003,China Steel Corp,2002,TWN,Basic Materials,Aug-26,0.057396858407075216,0.05474417140487713,0.03131311273770093,0.049267829796538105,0.09772408744197311,-9.320768564793456,ridge_a0.1
KR7267250009,HD Hyundai,267250,KOR,Energy,Aug-26,0.054087237006702184,0.05468036438647515,0.031174283187000867,0.04813492961869645,0.107020687530238,-3.884225594228638,ridge_a0.1
KR7018260000,Samsung SDS Co Ltd,018260,KOR,Technology,Aug-26,0.05584233926447576,0.05465196120554591,0.03029184147555176,0.04940203545254661,0.11223448534103242,-6.953462949623507,ridge_a0.1
BRVBBRACNOR1,Vibra Energia SA,VBBR3,BRA,Consumer Cyclical,Aug-26,0.05498986102498573,0.05440744364668834,0.030110106294010917,0.049067374257740215,0.10289600453312546,-5.933764359220042,ridge_a0.1
KR7086520004,Ecopro Co Ltd,086520,KOR,Industrials,Aug-26,0.053946828826080304,0.054034069805179254,0.029896650567732296,0.04844691256952021,0.10268544307185143,-4.773060907209143,ridge_a0.1
SA000A0DM9P2,Etihad Etisalat Co JSC,7020,SAU,Communication Services,Aug-26,0.05438811167946337,0.05351434882838191,0.03079382998248279,0.046833185416658436,0.0919415149301118,-6.454192017140575,ridge_a0.1
BRBBASACNOR3,Banco do Brasil SA BB Brasil,BBAS3,BRA,Financial Services,Aug-26,0.05316455467690122,0.053326860630745175,0.03142718949016903,0.04799518024283321,0.10003600676305612,-4.636561304799184,ridge_a0.1
TW0001326007,Formosa Chemicals & Fibre Corp,1326,TWN,Basic Materials,Aug-26,0.05402706207214995,0.05306576895154655,0.03042824591424355,0.04823343805591286,0.10438531861104948,-6.618429017340236,ridge_a0.1
YMM|CHN,Full Truck Alliance Co Ltd ADR,YMM,CHN,Technology,Aug-26,0.0500254289244262,0.05261780839136573,0.030094694730079804,0.04731944247657785,0.11526498011277357,0.0,naive (no feature history)
02319|HKG,China Mengniu Dairy Co Ltd,02319,HKG,Consumer Defensive,Aug-26,0.05522053160743598,0.05246827381661005,0.029949157201502482,0.04630942587305999,0.09590965328766556,-9.665372313445062,ridge_a0.1
CNE100000B24,Zijin Mining Group Co Ltd Class A,601899,CHN,Basic Materials,Aug-26,0.05158997722278436,0.05212517423984947,0.02693483658991033,0.04662259182622734,0.1036108356398375,-3.9405159887074825,ridge_a0.1
HK0688002218,China Overseas Land & Investment Ltd,00688,CHN,Real Estate,Aug-26,0.054598723950396194,0.05146681786508637,0.02760499987725568,0.046244707748366434,0.09541790753429404,-10.38042288421246,ridge_a0.1
CNE1000031P3,Foxconn Industrial Internet Co Ltd Class A,601138,CHN,Technology,Aug-26,0.0493735338001103,0.05140623271325133,0.028943518410346633,0.0465536620870476,0.0954956775964657,-1.0126650518162221,ridge_a0.1
INE213A01029,Oil & Natural Gas Corp Ltd,500312,IND,Energy,Aug-26,0.05163009384581918,0.05136425896255736,0.02906929887548168,0.04625871971572497,0.09296791405386948,-5.416326298825994,ridge_a0.1
INE053A01029,Indian Hotels Co Ltd,500850,IND,Consumer Cyclical,Aug-26,0.05148968566519729,0.051306527054188505,0.029190196700255334,0.045959929056113694,0.09444341259357346,-5.26500347078418,ridge_a0.1
EGS60121C018,Commercial International Bank (Egypt) CIB,COMI,EGY,Financial Services,Aug-26,0.05319464214417734,0.05129957045349981,0.02851819195563093,0.046213121295534634,0.09632240070027719,-8.313814888629931,ridge_a0.1
AEE01195A234,ADNOC Gas PLC,ADNOCGAS,ARE,Energy,Aug-26,0.04864140542972476,0.05116206309104327,0.028928057973321215,0.04646796413135726,0.09971429063272183,0.0,naive (no feature history)
INE200A01026,GE Vernova T&D India Ltd,522275,IND,Industrials,Aug-26,0.048019597772684976,0.05050803259379693,0.028944597463369272,0.04572368753256778,0.09863828901312671,0.0,naive (no feature history)
01888|CHN,Kingboard Laminates Holdings Ltd,01888,CHN,Technology,Aug-26,0.04797948114965015,0.05046583707784555,0.028523117219171477,0.04500539798257866,0.09651617697816718,0.0,naive (no feature history)
BZ|CHN,Kanzhun Ltd ADR,BZ,CHN,Communication Services,Aug-26,0.05304420480779675,0.050127907746934014,0.028709397114030293,0.045230705598107705,0.1005754423060203,-10.153802611178332,ridge_a0.1
INE417T01026,PB Fintech Ltd,543390,IND,Financial Services,Aug-26,0.05420758687580666,0.05009071322638267,0.028343682694132916,0.04552607714010874,0.0978854642750526,-12.14728106810429,ridge_a0.1
KR7138040001,Meritz Financial Group,138040,KOR,Financial Services,Aug-26,0.04881190107762276,0.04987767057179057,0.0279884751221351,0.044514978232925495,0.08768235064694367,-2.850961664736587,ridge_a0.1
ID1000129000,PT Telkom Indonesia (Persero) Tbk Registered Shs Series -B-,TLKM,IDN,Communication Services,Aug-26,0.052121522477995785,0.049863273160185836,0.027948538177771827,0.04436648384440381,0.09489956716892574,-9.04600986742071,ridge_a0.1
KR7042700005,HANMI Semiconductor Co Ltd,042700,KOR,Technology,Aug-26,0.05274333013503556,0.04984220891659747,0.028789121319032798,0.0451822664787597,0.09500649165654396,-10.156264608349334,ridge_a0.1
PLLPP0000011,LPP SA,LPP,POL,Consumer Cyclical,Aug-26,0.04997528314563267,0.04971497009919391,0.028159905069696768,0.0447245688130371,0.09689876733912312,-5.42203068073189,ridge_a0.1
INE155A01022,Tata Motors Passenger Vehicles Ltd,TMPV,IND,Consumer Cyclical,Aug-26,0.05008560385897844,0.04970813957379614,0.027855613610721846,0.043260556289752006,0.08509826905573963,-5.643317997382133,ridge_a0.1
TW0003045001,Taiwan Mobile Co Ltd,3045,TWN,Consumer Cyclical,Aug-26,0.050597090802672454,0.04929683826523387,0.02606014325686757,0.04531163183335489,0.09458048626245258,-7.370016844058239,ridge_a0.1
CNE1000048K8,Haier Smart Home Co Ltd Class H,06690,CHN,Consumer Cyclical,Aug-26,0.050998257033020696,0.04907616198542762,0.02759916604671683,0.04403237617785837,0.08744084494402912,-8.510064022372823,ridge_a0.1
CLP321331116,Banco de Credito e Inversiones SA,BCI,CHL,Financial Services,Aug-26,0.049213067307971,0.048771079790768085,0.028411799423098214,0.04327111500668578,0.09134896439181661,-5.780671941078092,ridge_a0.1
INE262H01021,Persistent Systems Ltd,PERSISTENT,IND,Technology,Aug-26,0.051910910207062955,0.04832882739912635,0.02764031983064713,0.04388710431102518,0.08989670270874421,-11.487281392153594,ridge_a0.1
TH0264010R10,Bangkok Dusit Medical Services PCL Units Non-Voting Depository Receipt,BDMS-R,THA,Healthcare,Aug-26,0.0498649624322869,0.04803960444262222,0.026254641498987562,0.04295511626215333,0.09400532510009024,-8.407061472218388,ridge_a0.1
INE089A01031,Dr Reddy's Laboratories Ltd,500124,IND,Healthcare,Aug-26,0.051238956771229645,0.04794826818403874,0.027869904383392114,0.04305369043660695,0.0884715654679845,-11.032638122567676,ridge_a0.1
INE949L01017,AU Small Finance Bank Ltd,540611,IND,Financial Services,Aug-26,0.05071744067177693,0.047916493393652955,0.027305868508182517,0.04331270219426388,0.08911528199146841,-10.177370579724451,ridge_a0.1
KR7071050009,Korea Investment Holdings Co Ltd,071050,KOR,Financial Services,Aug-26,0.04741784842716261,0.04791154757924122,0.026861743133407775,0.04305581908272822,0.08750894673889578,-3.936939035735848,ridge_a0.1
SA000A0ETHT1,Almarai Co,2280,SAU,Consumer Defensive,Aug-26,0.04858123049517251,0.047732754980166624,0.02650731737720114,0.04211113198670411,0.08794575185036961,-6.587271766026112,ridge_a0.1
INE067A01029,CG Power & Industrial Solutions Ltd,500093,IND,Industrials,Aug-26,0.048531084716378986,0.04751328815045709,0.027045231377274166,0.04343378488609681,0.09060469546009839,-6.920690185969078,ridge_a0.1
BVN|PER,Compania De Minas Buenaventura SAA ADR,BVN,PER,Basic Materials,Aug-26,0.04685621570467506,0.04742195898348096,0.027190577461278582,0.041795011798715934,0.10013173153430104,-3.778893645561296,ridge_a0.1
CNE000001G87,China Yangtze Power Co Ltd Class A,600900,CHN,Utilities,Aug-26,0.048450851470309336,0.04740605006290934,0.02699726070371375,0.041244053877875,0.09512230785602659,-6.976982527945463,ridge_a0.1
INE192A01025,Tata Consumer Products Ltd,500800,IND,Consumer Defensive,Aug-26,0.048450851470309336,0.04733116373302885,0.026748961010446503,0.04046724791069814,0.10006182509328287,-7.1239290118572525,ridge_a0.1
INE216A01030,Britannia Industries Ltd,500825,IND,Consumer Defensive,Aug-26,0.04907265912734912,0.04729613199055094,0.026933166041703392,0.04138379063306874,0.09929479512976117,-8.368647205034796,ridge_a0.1
1590|TWN,Airtac International Group,1590,TWN,Industrials,Aug-26,0.04987499158804561,0.04723546206893991,0.02749398618852352,0.041536597676760205,0.0946251466084819,-9.958359588386605,ridge_a0.1
ZAE000026480,Remgro Ltd,REM,ZAF,Financial Services,Aug-26,0.0493735338001103,0.047198391558317725,0.026678076218575986,0.04006619877725452,0.09505585910424297,-9.115242498710023,ridge_a0.1
INE192R01011,Avenue Supermarts Ltd,540376,IND,Consumer Defensive,Aug-26,0.04914286321766006,0.04714613007559234,0.02643145393894179,0.041738259337554665,0.09305323155392187,-8.78974713627843,ridge_a0.1
CNE100001MK7,The People's Insurance Co (Group) of China Ltd Class H,01339,CHN,Financial Services,Aug-26,0.04836058906848098,0.04699913474835951,0.02745019233506258,0.04129158344550993,0.09474217523117119,-7.603324278505327,ridge_a0.1
MX01KO000002,Coca-Cola Femsa SAB de CV CPO Terms:3 Shs-B- + 5 Shs-L-,KOFUBL,MEX,Consumer Defensive,Aug-26,0.047808985501752145,0.04694286583490668,0.026984622265866787,0.04151987236037674,0.09165050567288167,-6.649179983126407,ridge_a0.1
03692|CHN,Hansoh Pharmaceutical Group Co Ltd,03692,CHN,Healthcare,Aug-26,0.0473977901156452,0.04674316799208133,0.026274812518490252,0.040327319097424555,0.09496150983886226,-6.2398884214844355,ridge_a0.1
HK1208013172,MMG Ltd,01208,CHN,Basic Materials,Aug-26,0.04674589499132929,0.046641742183217164,0.02656604026810082,0.04087576570717019,0.09655219089296156,-5.138639115851013,ridge_a0.1
MX01AC100006,Arca Continental SAB de CV Class B Ordinary Shares,AC,MEX,Consumer Defensive,Aug-26,0.04757831491930191,0.046390356702369434,0.02615906846135787,0.040751211964335954,0.0915233190327364,-7.300643107432522,ridge_a0.1
CLP1506A1070,Banco Santander Chile,BSANTANDER,CHL,Financial Services,Aug-26,0.04715709037743625,0.046072720410635544,0.026809595982423953,0.039815246533826926,0.09686580732714345,-7.1130032728825645,ridge_a0.1
KR7005830005,DB Insurance Co Ltd,005830,KOR,Financial Services,Aug-26,0.047969451993891445,0.04562335758495329,0.026057400124963256,0.04018170891806424,0.0932733595928966,-9.576658436397196,ridge_a0.1
INE423A01024,Adani Enterprises Ltd,512599,IND,Energy,Aug-26,0.04875172614307052,0.04559745770854842,0.026217430716020302,0.039354444815792644,0.09277178464862039,-11.078107354167816,ridge_a0.1
BRCPLEACNOR8,Cia Paranaense De Energia Copel,CPLE3,BRA,Utilities,Aug-26,0.043285836254575674,0.04552896171153457,0.02607698961752167,0.041165779695782695,0.0924883248745117,0.0,naive (no feature history)
HU0000153937,MOL Hungarian Oil and Gas PLC Class A,MOL,HUN,Energy,Aug-26,0.047618431542336734,0.04543671579026203,0.025519193618821358,0.03919291011841561,0.09025117626890397,-9.282742594728974,ridge_a0.1
INE245A01021,Tata Power Co Ltd,500400,IND,Utilities,Aug-26,0.04652525356463776,0.04535467853465268,0.025547582710718844,0.03910535350679001,0.09690268247647882,-7.3188507853173626,ridge_a0.1
TW0002376001,Gigabyte Technology Co Ltd,2376,TWN,Technology,Aug-26,0.04799953946116756,0.04530889551379465,0.025736607840944052,0.03929190596132014,0.08905891878718364,-10.256196655362604,ridge_a0.1
TW0005347009,Vanguard International Semiconductor Corp,5347,TWN,Technology,Aug-26,0.04743790673868002,0.04513532280480501,0.025277097362217452,0.03956902773460632,0.08754486314918869,-9.541558346129525,ridge_a0.1
KR7015760002,Korea Electric Power Corp,015760,KOR,Utilities,Aug-26,0.04598367915366763,0.04510967177829653,0.02595718993574978,0.039308594570048414,0.0956490613928331,-6.733857035346127,ridge_a0.1
BRGGBRACNPR8,Gerdau SA Participating Preferred,GGBR4,BRA,Basic Materials,Aug-26,0.046755924147088,0.04501538855771909,0.02557257231790661,0.039263690986291934,0.09578020826080032,-8.466003709321646,ridge_a0.1
CNE1000041R8,Cambricon Technologies Corp Ltd Class A,688256,CHN,Technology,Aug-26,0.047668577321130265,0.04495833222365814,0.025598880660955274,0.03810653781612207,0.08911249606065562,-10.33229225690525,ridge_a0.1
BRRENTACNOR4,Localiza Rent A Car SA,RENT3,BRA,Industrials,Aug-26,0.04551230883300844,0.044906212704697364,0.02593312007897223,0.03935721567551255,0.0924233862977103,-6.192917909340498,ridge_a0.1
INE095A01012,IndusInd Bank Ltd,INDUSINDBK,IND,Financial Services,Aug-26,0.04874169698731182,0.04477541338389523,0.025799283015303126,0.03881031023746907,0.09449317288251477,-12.663250455386793,ridge_a0.1
ZAE000132577,Vodacom Group Ltd,VOD,ZAF,Communication Services,Aug-26,0.046013766620943745,0.04454716966043711,0.025626571561596576,0.039039337371977165,0.0893557052751021,-7.957078189830905,ridge_a0.1
TW0004938006,Pegatron Corp,4938,TWN,Technology,Aug-26,0.04515125922569502,0.04449464332490658,0.0257533361743573,0.03867986024325912,0.0906734671801026,-6.309419724893425,ridge_a0.1
AED000201015,Dubai Islamic Bank PJSC,DIB,ARE,Financial Services,Aug-26,0.046254466359152695,0.044414074759560156,0.025661247329498208,0.03896588118259661,0.09210115116523726,-8.709620954179895,ridge_a0.1
00020|CHN,SenseTime Group Inc Class B,00020,CHN,Technology,Aug-26,0.04222274574415283,0.044410780538823115,0.024654487713958385,0.03907122279564254,0.08541430230740553,0.0,naive (no feature history)
KR7086280005,Hyundai Glovis Co Ltd,086280,KOR,Industrials,Aug-26,0.04546216305421492,0.04440285251148068,0.02467443738704742,0.038528764008536706,0.0917736135773754,-7.142103499750577,ridge_a0.1
CNE1000002J7,COSCO SHIPPING Holdings Co Ltd Class H,01919,CHN,Industrials,Aug-26,0.04464980143775971,0.044311304988677365,0.02589122497411253,0.03887710371289507,0.09067247698272954,-5.647573317599713,ridge_a0.1
NL0015000RT3,NEPI Rockcastle NV,NRP,ROU,Real Estate,Aug-26,0.046284553826428806,0.04422793980887046,0.0255075265301407,0.0389902648199285,0.09038054200207368,-9.151304801751255,ridge_a0.1
SA1510P1UMH1,Dr Sulaiman Al Habib Medical Services Group Ordinary Shares,4013,SAU,Healthcare,Aug-26,0.044669859749277126,0.04394278300895523,0.02480019095241203,0.03845566282766918,0.08778639021566087,-6.47428535019735,ridge_a0.1
CNE100001922,New China Life Insurance Co Ltd Class H,01336,CHN,Financial Services,Aug-26,0.044459247478344295,0.043816119240128085,0.025338737557598322,0.03813835817414583,0.0898146791905086,-6.30209767198586,ridge_a0.1
TH0003010R12,Siam Cement PCL Units Non-Voting Depository Receipt,SCC-R,THA,Industrials,Aug-26,0.04613411649004822,0.04372961036051404,0.025305206706167586,0.03823944406282334,0.09264595204920091,-9.882016412842294,ridge_a0.1
INE795G01014,HDFC Life Insurance Co Ltd,540777,IND,Financial Services,Aug-26,0.04546216305421492,0.0436148664333145,0.024528087919926046,0.03801702395829948,0.09388142085349692,-8.789987037662355,ridge_a0.1
01548|USA,Genscript Biotech Corp Class H,01548,USA,Healthcare,Aug-26,0.043125369762436375,0.04359066128424803,0.025023141973990574,0.03850035520306531,0.08222797808635408,-3.9010391431940183,ridge_a0.1
INE326A01037,Lupin Ltd,500257,IND,Healthcare,Aug-26,0.04342624443519756,0.04358130270637679,0.025046038289722294,0.03795170988014179,0.08684565163243625,-4.587340563908807,ridge_a0.1
HU0000123096,Chemical Works of Gedeon Richter PLC,RICHTER,HUN,Healthcare,Aug-26,0.04583324181728703,0.043514034230645544,0.025037856215753506,0.03716442890404471,0.08859770409577716,-9.737607939569614,ridge_a0.1
TW0004904008,Far EasTone Telecommunications Co Ltd,4904,TWN,Communication Services,Aug-26,0.04482029708565772,0.043465766865164505,0.024946898019821664,0.037835920994621464,0.09083144898779957,-7.8000509008760845,ridge_a0.1
CNE100006V65,China Tower Corp Ltd Ordinary Shares - Class H,00788,CHN,Communication Services,Aug-26,0.041159655233729976,0.04329259936611165,0.024831632713777623,0.03846749903863153,0.08570812073676998,0.0,naive (no feature history)
KR7006800007,Mirae Asset Securities Co Ltd,006800,KOR,Financial Services,Aug-26,0.04201213347321999,0.04318595253573245,0.0247275811499764,0.03762981018044434,0.08544115043901453,-2.270464992524607,ridge_a0.1
CNE1000016V2,CITIC Securities Co Ltd Class H,06030,CHN,Financial Services,Aug-26,0.04427872267468759,0.043084657102802355,0.02452092574860806,0.03805241738426096,0.08717179621079849,-7.49065145426093,ridge_a0.1
TW0002801008,Chang Hwa Commercial Bank Ltd,2801,TWN,Financial Services,Aug-26,0.045823212661528334,0.04297716300248748,0.02497167846604955,0.03842656172672897,0.08927967722942622,-10.831743460787784,ridge_a0.1
INE663F01032,Info Edge (India) Ltd,NAUKRI,IND,Communication Services,Aug-26,0.04079860562641656,0.04291283972254928,0.024680465741023724,0.038213622154700595,0.08514548963241818,0.0,naive (no feature history)
BRSUZBACNOR0,Suzano SA,SUZB3,BRA,Basic Materials,Aug-26,0.043446302746714974,0.04284864833171084,0.024677180679474227,0.03793869636887971,0.08182402805611762,-6.234652322521658,ridge_a0.1
INE029A01011,Bharat Petroleum Corp Ltd,500547,IND,Energy,Aug-26,0.04400793546920252,0.042810697994944,0.024792647932028546,0.03799539811361427,0.08788982837495589,-7.513279607978651,ridge_a0.1
CNE1000003K3,Jiangxi Copper Co Ltd Class H,00358,CHN,Basic Materials,Aug-26,0.04211242503080706,0.04279513541229692,0.024866708605773984,0.03730270380898648,0.0905775006019486,-3.3855201780097404,ridge_a0.1
INE127D01025,HDFC Asset Management Co Ltd,541729,IND,Financial Services,Aug-26,0.043656915017647804,0.04275065191739788,0.024501997443587758,0.03734669725488969,0.0783113295122582,-6.90041087441963,ridge_a0.1
INE935N01020,Dixon Technologies (India) Ltd,540699,IND,Technology,Aug-26,0.04568280448090645,0.04263511190257701,0.024581226288948745,0.03741562784399195,0.08711388093730008,-11.269543564240095,ridge_a0.1
02382|CHN,Sunny Optical Technology (Group) Co Ltd,02382,CHN,Technology,Aug-26,0.0441483436498244,0.04245521939126378,0.024149218656105982,0.03721752290152345,0.0789491818262913,-8.572942849870769,ridge_a0.1
TW0002356003,Inventec Corp,2356,TWN,Technology,Aug-26,0.041851666981080705,0.04224776026983178,0.024374307249755936,0.03704066714430905,0.08474483799591408,-4.027016670302413,ridge_a0.1
5871|TWN,Chailease Holding Co Ltd,5871,TWN,Financial Services,Aug-26,0.04441913085530947,0.04216541345581084,0.02405041376285414,0.03647843142700859,0.08094810214053043,-9.750589756886956,ridge_a0.1
TH0355010R16,PTT Exploration & Production PCL Units Non-Voting Depository Receipt,PTTEP-R,THA,Energy,Aug-26,0.043877556444339334,0.04201994196984932,0.023612242833839666,0.03671791104141846,0.08114416650065356,-8.951859476207597,ridge_a0.1
CNE1000004Q8,Yankuang Energy Group Co Ltd Class H,01171,CHN,Energy,Aug-26,0.044940646954762194,0.04197050658334599,0.024204873450941508,0.03701815441781019,0.08683239181041276,-11.210224696815223,ridge_a0.1
MYL5398OO002,Gamuda Bhd,5398,MYS,Industrials,Aug-26,0.04401796462496123,0.041844416258958746,0.024344772733628197,0.03598228923838363,0.08711583393448487,-9.621397317525874,ridge_a0.1
CNE100005PT2,Hygon Information Technology Co Ltd Class A,688041,CHN,Technology,Aug-26,0.041320121725869276,0.04160403574452663,0.023903857884865293,0.03695228968588453,0.08043422832156798,-4.273554185997424,ridge_a0.1
TW0003529004,eMemory Technology Inc,3529,TWN,Technology,Aug-26,0.041099480299177746,0.04158855212156961,0.02394245299670314,0.03659487451812625,0.08016477096821716,-3.795466823168872,ridge_a0.1
INE257A01026,Bharat Heavy Electricals Ltd,500103,IND,Industrials,Aug-26,0.04460968481472489,0.041558784367082754,0.02392894668776886,0.03622723291949084,0.08087196959714142,-11.428959495549522,ridge_a0.1
CNE1000029W3,Postal Savings Bank Of China Co Ltd Shs -H- Unitary 144A/Reg S,01658,CHN,Financial Services,Aug-26,0.04372711910795875,0.04143608036934072,0.023493971353473916,0.03524644318352553,0.08484978459290256,-9.908074885897634,ridge_a0.1
KR7096770003,SK Innovation Co Ltd,096770,KOR,Energy,Aug-26,0.04451942241289653,0.04134900618970833,0.02363378197020049,0.03607996150517043,0.08611891297102697,-11.697373706939587,ridge_a0.1
CNE000001R84,Ping An Insurance (Group) Co. of China Ltd Class A,601318,CHN,Financial Services,Aug-26,0.04211242503080706,0.04124400402463453,0.023715729793932126,0.03609194524754174,0.08215525122351566,-6.887360999653714,ridge_a0.1
TW0005876007,The Shanghai Commercial and Savings Bank,5876,TWN,Financial Services,Aug-26,0.04238321223629212,0.040971767901533944,0.023371629111751516,0.0356436397518325,0.08576568184173575,-8.09293427406112,ridge_a0.1
SA0007879105,Arab National Bank,1080,SAU,Financial Services,Aug-26,0.04319557385274732,0.04095931362367694,0.023514998041689838,0.03555647924411581,0.08034925348663569,-9.84880492552744,ridge_a0.1
PLBRE0000012,mBank SA,MBK,POL,Financial Services,Aug-26,0.040176797969376774,0.04093228816808666,0.023017511767560367,0.03609589806611846,0.08089863455298105,-3.1390403126219937,ridge_a0.1
BRENEVACNOR8,Eneva SA,ENEV3,BRA,Utilities,Aug-26,0.038883036876503685,0.04089800383587107,0.02318860543363669,0.03627605193478351,0.08440268363669139,0.0,naive (no feature history)
INE061F01013,Fortis Healthcare Ltd,532843,IND,Healthcare,Aug-26,0.038852949409227566,0.040866357198907535,0.023073521875426776,0.03534932023770141,0.0812442494309944,0.0,naive (no feature history)
INE200M01039,Varun Beverages Ltd,VBL,IND,Consumer Defensive,Aug-26,0.04556245461180197,0.04082567349347658,0.023368956158771447,0.03553543806606212,0.08469601132897112,-14.810844930583164,ridge_a0.1
INE040H01021,Suzlon Energy Ltd,532667,IND,Industrials,Aug-26,0.04141038412769763,0.04080161665207129,0.023515386254608486,0.035632227739470765,0.08474587538461778,-6.324465895965351,ridge_a0.1
INE465A01025,Bharat Forge Ltd,500493,IND,Consumer Cyclical,Aug-26,0.04158087977559563,0.0407097138330993,0.023114710119727294,0.03495452495165138,0.08264354184615129,-6.91869971637851,ridge_a0.1
SA000A0D9HK3,Bank Albilad,1140,SAU,Financial Services,Aug-26,0.04173131711197623,0.04008291198549295,0.022840802866919665,0.03490410042620206,0.0853818265794201,-8.682242281029714,ridge_a0.1
TW0001101004,TCC Group Holdings Co Ltd,1101,TWN,Basic Materials,Aug-26,0.04097913043007327,0.03988928087059784,0.02281644417148741,0.035482716472515954,0.08452100575263582,-7.455303766686125,ridge_a0.1
CNE100000RJ0,Agricultural Bank of China Ltd Class A,601288,CHN,Financial Services,Aug-26,0.040307176994239954,0.03982365403885055,0.023049165001458247,0.03419999262097061,0.07654694731434854,-6.06730345178009,ridge_a0.1
KR7003230000,Sam Yang Foods Co Ltd,003230,KOR,Consumer Defensive,Aug-26,0.03781994636608083,0.03977982266315961,0.02288524285441995,0.034553786040798576,0.08116226849750809,0.0,naive (no feature history)
INE455K01017,Polycab India Ltd,542652,IND,Industrials,Aug-26,0.04112956776645386,0.03972974374350668,0.023116842879395576,0.034536950394756516,0.07812372852723633,-8.162577943555574,ridge_a0.1
INE208A01029,Ashok Leyland Ltd,500477,IND,Industrials,Aug-26,0.041701229644700105,0.03961909569616371,0.022868830806380344,0.03490842355863312,0.08089578323164472,-9.673795155774403,ridge_a0.1
CNE1000004R6,Zhaojin Mining Industry Co Ltd Class H,01818,CHN,Basic Materials,Aug-26,0.04077854731489915,0.03954215406630514,0.022308323113256888,0.03379562804507258,0.08086154387902156,-7.809400469290898,ridge_a0.1
TME|CHN,Tencent Music Entertainment Group ADR,TME,CHN,Communication Services,Aug-26,0.039605136091130526,0.03937848502498062,0.02246649529088004,0.033840089293524014,0.07808623325486415,-5.470891995393587,ridge_a0.1
INE134E01011,Power Finance Corp Ltd,532810,IND,Financial Services,Aug-26,0.040176797969376774,0.03929696795235833,0.022629978177028477,0.034072856014190564,0.08448943545324275,-7.008813847909315,ridge_a0.1
06618|CHN,JD Health International Inc,06618,CHN,Healthcare,Aug-26,0.04052781842093149,0.039246494696391014,0.022372981132939784,0.034274388027511524,0.07685430830149798,-7.932635140664399,ridge_a0.1
TW0003533006,Lotes Co Ltd,3533,TWN,Technology,Aug-26,0.037198138709041054,0.03912579216591328,0.02210088603467532,0.033779769257846905,0.07857142857161047,0.0,naive (no feature history)
BRBBSEACNOR5,BB Seguridade Participacoes SA,BBSE3,BRA,Financial Services,Aug-26,0.04073843069186432,0.03905980633166862,0.022357361504036218,0.03416844362862462,0.08009167525521829,-8.844294586636046,ridge_a0.1
KR7005382007,Hyundai Motor Co Participating Preferred,005387,KOR,Consumer Cyclical,Aug-26,0.03898332843409075,0.039001134530593666,0.022209071733041368,0.03403466884512876,0.07560892061816052,-4.883384236147709,ridge_a0.1
CNE100002359,China International Capital Corp Ltd Shs -H- Unitary 144A/Reg S,03908,CHN,Financial Services,Aug-26,0.04163102555438916,0.03895243707247765,0.0221516645823343,0.03414838128840826,0.07640677349028827,-11.043929380571866,ridge_a0.1
CNE100006M58,Midea Group Co Ltd Ordinary Shares - Class H,00300,CHN,Consumer Cyclical,Aug-26,0.04216257080960059,0.038906753618545294,0.02248866629595516,0.03363163032834135,0.08106794741167873,-12.26841469924151,ridge_a0.1
CNE100002615,Eoptolink Technology Inc Ltd Class A,300502,CHN,Technology,Aug-26,0.040297147838481255,0.03878451841293699,0.022037842790607342,0.033618675963938596,0.07664172478223515,-8.49556148889508,ridge_a0.1
09698|CHN,GDS Holdings Ltd Class A,09698,CHN,Technology,Aug-26,0.03682705994596893,0.03873548364336306,0.022122856937790963,0.03336909238114953,0.07665734664051486,0.0,naive (no feature history)
INE121J01017,Indus Towers Ltd Ordinary Shares,534816,IND,Communication Services,Aug-26,0.04095907211855586,0.038640746427544254,0.021923292665549536,0.034237612922182845,0.07979652678534577,-10.308050566975368,ridge_a0.1
CLP3880F1085,Falabella SA,FALABELLA,CHL,Consumer Cyclical,Aug-26,0.03817096681763555,0.03853859241999242,0.021826380911899642,0.03409118574154409,0.08180196056699804,-4.011157605177301,ridge_a0.1
TW0003293007,International Games System Co Ltd,3293,TWN,Communication Services,Aug-26,0.040608051667001134,0.038452003969203404,0.021848715535571796,0.03364376745698552,0.08179093185873393,-9.974634891025755,ridge_a0.1
TRAAKBNK91N6,Akbank TAS,AKBNK,TUR,Financial Services,Aug-26,0.03835149162129226,0.03811709295598392,0.02128371902384178,0.0319895765340861,0.07413095465779385,-5.507883367577121,ridge_a0.1
MXCFFU000001,Fibra Uno Administracion SA de CV Certificados Bursatiles Fiduciarios Inmob,FUNO11,MEX,Real Estate,Aug-26,0.03824117090794649,0.038112309699807966,0.021741469086874844,0.0333089307495632,0.07974515178426543,-5.247178005981423,ridge_a0.1
BRRDORACNOR8,Rede d or Sao Luiz SA Ordinary Shares,RDOR3,BRA,Healthcare,Aug-26,0.03822111259642908,0.03806492152752053,0.021497586599202204,0.0330335047174814,0.07389809527665886,-5.3153278558434325,ridge_a0.1
BRUGPAACNOR8,Ultrapar Participacoes SA,UGPA3,BRA,Energy,Aug-26,0.037569217472113184,0.03803649774670391,0.02160531762335082,0.03344006043039137,0.07515105817030084,-3.7443040076865746,ridge_a0.1
BRRADLACNOR0,Raia Drogasil SA,RADL3,BRA,Healthcare,Aug-26,0.03894321181105592,0.037965457986355464,0.021902054716974536,0.03298451481208643,0.0780033750291154,-7.313828747688897,ridge_a0.1
HK0836012952,China Resources Power Holdings Co Ltd,00836,CHN,Utilities,Aug-26,0.039725485960235,0.03794241321638902,0.02172146782070208,0.03253158747842371,0.07783956887753639,-9.194156545929811,ridge_a0.1
CNE100002FK9,Guotai Haitong Securities Co Ltd Registered Shs -H- Unitary 144A/Reg S,02611,CHN,Financial Services,Aug-26,0.035984610862237615,0.03784937780838417,0.02187591665398734,0.03371180591397076,0.08046848711146795,0.0,naive (no feature history)
NL0015002J37,JBS NV Ordinary Shares - Class A,JBS,USA,Consumer Defensive,Aug-26,0.03585423183737443,0.03771224238154219,0.02151513614512643,0.03292350687033349,0.07702507227259946,0.0,naive (no feature history)
INE406A01037,Aurobindo Pharma Ltd,AUROPHARMA,IND,Healthcare,Aug-26,0.03731848857814553,0.037662237496701556,0.021157964900596623,0.03301327774502969,0.08061583696251501,-4.051069690989531,ridge_a0.1
INE343H01029,Solar Industries India Ltd,SOLARINDS,IND,Basic Materials,Aug-26,0.039685369337200176,0.03765279931652864,0.02189441670464536,0.033174866207211426,0.07718368919323902,-9.79618429379113,ridge_a0.1
INE318A01026,Pidilite Industries Ltd,PIDILITIND,IND,Basic Materials,Aug-26,0.038752657851640504,0.037607136106935696,0.021284178364054423,0.032581172517194945,0.07559863391132335,-7.737156800601442,ridge_a0.1
CNE100001526,BYD Co Ltd Class A,002594,HKG,Consumer Cyclical,Aug-26,0.03894321181105592,0.03760308468765332,0.020950334206133826,0.03296698762552028,0.0779935119757266,-8.198501168415198,ridge_a0.1
MXP461181085,Grupo Carso SAB de CV Class A1,GCARSOA1,MEX,Industrials,Aug-26,0.03685714741324504,0.0373926171705217,0.021160135038789,0.03187144280401975,0.07386725780004026,-3.5455632126126706,ridge_a0.1
INE07Y701011,Hitachi Energy India Ltd Ordinary Shares,543187,IND,Industrials,Aug-26,0.035453065607026185,0.03729028722202843,0.021244573724752733,0.032374624017140044,0.07414314865217529,0.0,naive (no feature history)
INE854D01024,United Spirits Ltd,532432,IND,Consumer Defensive,Aug-26,0.03739872182421517,0.03721436309500707,0.021406575941409815,0.03344370529384804,0.07697250945457265,-5.395477728307102,ridge_a0.1
KR7247540008,Ecopro BM Co Ltd Ordinary Shares,247540,KOR,Industrials,Aug-26,0.037509042537560947,0.037184878380154364,0.021327707407615974,0.032392446893029184,0.0750213634784663,-5.748460459486759,ridge_a0.1
MXCFFI170008,PrologisProperty Mexico SA de CV Certificados Bursatiles Fiduciarios Inmobi,FIBRAPL14,MEX,Real Estate,Aug-26,0.0385821622037425,0.037108158661910716,0.021268872089969918,0.031952690204667664,0.07610450449756914,-8.559012351897504,ridge_a0.1
INE388Y01029,FSN E-Commerce Ventures Ltd,543384,IND,Consumer Cyclical,Aug-26,0.03525248249185207,0.03707930964227156,0.021545929997493773,0.03267181580746553,0.07519088055736017,0.0,naive (no feature history)
ZAE000117321,Bidvest Group Ltd,BVT,ZAF,Industrials,Aug-26,0.03807067526004849,0.03704503248315773,0.020934262507562387,0.031636667952328085,0.07633480132439904,-7.48812869044391,ridge_a0.1
KR7259960003,Krafton Inc,259960,KOR,Communication Services,Aug-26,0.03728840111086941,0.037022153395287985,0.021609221403981378,0.03290176217571483,0.07961451816071428,-5.605654369761723,ridge_a0.1
INE271C01023,DLF Ltd,532868,IND,Real Estate,Aug-26,0.036375747936827144,0.03687299168402979,0.021011972139214567,0.032855652844688485,0.0771893344127265,-3.62719279786671,ridge_a0.1
AED001801011,Dubai Electricity & Water Authority PJSC,DEWA,ARE,Utilities,Aug-26,0.03505189937667794,0.03686833206251468,0.020922719965528514,0.03189264091336843,0.07149297409204729,0.0,naive (no feature history)
ZAE000314084,OUTsurance Group Ltd,OUT,ZAF,Financial Services,Aug-26,0.03757924662787189,0.03672051864747139,0.021359856388988987,0.03240628716139833,0.07701932016792608,-7.099339181762327,ridge_a0.1
KR7003670007,Posco Future M,003670,KOR,Industrials,Aug-26,0.0369474098150734,0.03670442079840337,0.02118453320198996,0.03218619631818616,0.07531175223829298,-5.5520701347028165,ridge_a0.1
PLDINPL00011,Dino Polska SA,DNP,POL,Consumer Defensive,Aug-26,0.037458896758767415,0.03649642758818827,0.02047240685961683,0.03129196672122131,0.0720242807162902,-7.369621287064251,ridge_a0.1
KR7010950004,S-Oil Corp,010950,KOR,Energy,Aug-26,0.03762939240666542,0.036341588866708234,0.020793890736263955,0.03183802804669553,0.07385591249099994,-8.180532270804838,ridge_a0.1
TH0016010R14,Kasikornbank Public Co Ltd Units Non-Voting Depository Receipt,KBANK-R,THA,Financial Services,Aug-26,0.03833143330977484,0.03595250957435159,0.020136761992294507,0.030988244253533116,0.07540324759597232,-10.827238192267853,ridge_a0.1
TW0002207008,Hotai Motor Co Ltd,2207,TWN,Consumer Cyclical,Aug-26,0.03646601033865551,0.03581238877576157,0.020685214776799493,0.031631931656044845,0.07294292997507089,-6.6309143950778635,ridge_a0.1
BRBBDCACNOR1,Bank Bradesco SA,BBDC3,BRA,Financial Services,Aug-26,0.03600466917375503,0.03577593670550478,0.019501582133250206,0.03251457628220335,0.05266321305118682,-5.530796298517171,ridge_a0.1
KR7272210006,Hanwha Systems Co Ltd Ordinary Shares,272210,KOR,Industrials,Aug-26,0.03393866308746156,0.03569740649486399,0.02027046572101982,0.03306246192316148,0.060321953088827866,0.0,naive (no feature history)
BDO|PHL,BDO Unibank Inc,BDO,PHL,Financial Services,Aug-26,0.03648606865017292,0.03562128621327972,0.01943478713612961,0.03278441154441719,0.05636489764874669,-7.180207787629736,ridge_a0.1
02688|CHN,ENN Energy Holdings Ltd,02688,CHN,Utilities,Aug-26,0.03785003383335696,0.035603056567337484,0.019385588603011684,0.033219524577754886,0.059867807319588844,-10.570855099720347,ridge_a0.1
INE749A01030,Jindal Steel Ltd,532286,IND,Basic Materials,Aug-26,0.03591440677192667,0.0355454887779241,0.01950921737981462,0.03192382540589443,0.05433535914779443,-5.90341563355776,ridge_a0.1
01530|USA,3SBio Inc Shs Unitary 144A/Reg S,01530,USA,Healthcare,Aug-26,0.03374810912804614,0.035496977794094955,0.018158855119848064,0.032176620807712414,0.05965539185964146,0.0,naive (no feature history)
AEA007301012,ADNOC Drilling Company PJSC,ADNOCDRILL,ARE,Energy,Aug-26,0.036927351503555986,0.035485484443431525,0.019795747723146902,0.03271988220970352,0.060245425083334664,-8.639042175314382,ridge_a0.1
INE196A01026,Marico Ltd,531642,IND,Consumer Defensive,Aug-26,0.037087817995695285,0.035419853997601065,0.019742528211586327,0.03296187145255826,0.05941425524430561,-9.202571371521163,ridge_a0.1
CNE000001P37,Industrial And Commercial Bank Of China Ltd Class A,601398,CHN,Financial Services,Aug-26,0.03658636020775998,0.035146029991959635,0.019713494681045145,0.03128556731498847,0.05671528270455107,-8.66964719169777,ridge_a0.1
BRITUBACNOR4,Itau Unibanco Holding SA Ordinary Shares,ITUB3,BRA,Financial Services,Aug-26,0.03333691374193919,0.03506447375559336,0.01960254547510384,0.032158930627126665,0.055353620550454445,0.0,naive (no feature history)
TH0150010R11,Krung Thai Bank PCL Units Non-Voting Depository Receipt,KTB-R,THA,Financial Services,Aug-26,0.03683708910172763,0.03505401341958187,0.019518254904846162,0.032376939509392855,0.060150174287252736,-9.528766850229783,ridge_a0.1
MXP001661018,Grupo Aeroportuario del Sureste SAB de CV Class B,ASURB,MEX,Industrials,Aug-26,0.03608490241982467,0.034983646911492056,0.018893377500948525,0.031996885722975474,0.05749141335406246,-7.82829700923399,ridge_a0.1
MXP495211262,Grupo Bimbo SAB de CV Class A,BIMBOA,MEX,Consumer Defensive,Aug-26,0.035663677877959016,0.03493781614421046,0.019209706692606885,0.031849526349820356,0.0570347768964345,-6.861831737776017,ridge_a0.1
INE00H001014,Swiggy Ltd,SWIGGY,IND,Consumer Cyclical,Aug-26,0.033196505561317306,0.03491678944976354,0.019505185367240527,0.0318928093466087,0.05939472565783008,0.0,naive (no feature history)
INE075A01022,Wipro Ltd,507685,IND,Technology,Aug-26,0.03634566046955104,0.03485737376817973,0.020030002961265128,0.03188952440580288,0.06035037456503572,-8.819879046460507,ridge_a0.1
MXP370641013,Grupo Financiero Inbursa SAB de CV Series O,GFINBURO,MEX,Financial Services,Aug-26,0.03444012087539687,0.03479797326751895,0.01802565283325776,0.03152293124037216,0.05878378107960195,-3.938945666409224,ridge_a0.1
CNE100000ML7,NAURA Technology Group Co Ltd Class A,002371,CHN,Technology,Aug-26,0.03669668092110575,0.03472797365535885,0.01888299584842186,0.03165633252891645,0.055681942898547436,-10.027306193132942,ridge_a0.1
ID1000122807,PT Astra International Tbk,ASII,IDN,Industrials,Aug-26,0.03627545637924009,0.034675747876887195,0.019423560003433742,0.03132524903717722,0.05814006903938479,-9.11943517898223,ridge_a0.1
HK3808041546,Sinotruk (Hong Kong) Ltd,03808,CHN,Industrials,Aug-26,0.03516222009002371,0.03372469468408794,0.018901902440124147,0.031074161713193188,0.05406189762140919,-8.813655798295827,ridge_a0.1
MYL6742OO000,YTL Power International Bhd,6742,MYS,Utilities,Aug-26,0.034299712694774984,0.033608805134036066,0.01869044352091038,0.030820878642448223,0.05551281760874013,-6.841892722170373,ridge_a0.1
TAL|CHN,TAL Education Group ADR,TAL,CHN,Consumer Defensive,Aug-26,0.032524552125483996,0.03359659056865865,0.018415855549767234,0.03089192332284644,0.05506426470155278,-1.7931123293938116,ridge_a0.1
BRVIVTACNOR0,Telefonica Brasil SA,VIVT3,BRA,Communication Services,Aug-26,0.034520354121466514,0.03352244537533057,0.018588965407863742,0.029880980305548893,0.049632090288969394,-7.675170252890617,ridge_a0.1
GRS145003000,Gek Terna SA,GEKTERNA,GRC,Industrials,Aug-26,0.03185259868965068,0.03350323966539245,0.018991841052613298,0.030587361761888157,0.05433918405681059,0.0,naive (no feature history)
ZAE000259479,Pepkor Holdings Ltd,PPH,ZAF,Consumer Cyclical,Aug-26,0.03505189937667794,0.033414326340476336,0.019802974381080116,0.031012159291400294,0.05592921334522901,-9.368489239441757,ridge_a0.1
CNE1000001T8,Aluminum Corp of China Ltd Class H,02600,CHN,Basic Materials,Aug-26,0.03392863393170285,0.033356627534084714,0.01863694851631633,0.030164830829437522,0.05629586787640089,-6.529658920584755,ridge_a0.1
INE129A01019,GAIL (India) Ltd,532155,IND,Utilities,Aug-26,0.033467292766802374,0.03335255152379824,0.018366186171490845,0.030256700616358198,0.05577634976052947,-5.252764579750294,ridge_a0.1
SA15GG53GHH3,ELM Co,7203,SAU,Technology,Aug-26,0.03349738023407849,0.033193981980540604,0.018301066141458773,0.030239144113786087,0.05209896162740237,-5.787923345237564,ridge_a0.1
THB231010R11,True Corp PCL Units Non-Voting Depository Receipt,TRUE-R,THA,Communication Services,Aug-26,0.03284548510976259,0.03308944127173761,0.018057591907513822,0.03004690151450198,0.051391974169505944,-4.22066457026845,ridge_a0.1
09626|CHN,Bilibili Inc Class Z,09626,CHN,Communication Services,Aug-26,0.03414927535839439,0.03296727889410607,0.017951390771030657,0.02975528479791289,0.055580226408126626,-8.217543832148008,ridge_a0.1
MYL1015OO006,AMMB Holdings Bhd,1015,MYS,Financial Services,Aug-26,0.03458052905601875,0.03293579039117792,0.017864444582341762,0.03004485667623933,0.048466158501469805,-9.448734828413219,ridge_a0.1
PLOPTTC00011,CD Projekt Red SA,CDR,POL,Communication Services,Aug-26,0.03332688458618049,0.03291079846608977,0.01872442165337804,0.03039943271919525,0.05343791229886126,-6.113798720285477,ridge_a0.1
INE205A01025,Vedanta Ltd,500295,IND,Basic Materials,Aug-26,0.033707992505011324,0.03273851262947503,0.018190798715856365,0.02956131548224429,0.05282176157486335,-7.661222193833722,ridge_a0.1
CNE100001TR7,Fuyao Glass Industry Group Co Ltd Shs -H- Unitary 144A/Reg S,03606,CHN,Consumer Cyclical,Aug-26,0.03349738023407849,0.03265961511771571,0.01757527876762217,0.029693750478379088,0.054076468958803435,-7.304578137414561,ridge_a0.1
INE702C01027,APL Apollo Tubes Ltd,533758,IND,Basic Materials,Aug-26,0.03472093723664064,0.032491660361823514,0.017823784764326313,0.02953080793360511,0.05123073553579469,-11.031036500422447,ridge_a0.1
02018|HKG,AAC Technologies Holdings Inc,02018,HKG,Technology,Aug-26,0.03261481452731235,0.0323038871102684,0.017805318136339374,0.029506350498887182,0.0526177415659769,-5.833173048049001,ridge_a0.1
TW0008069006,E Ink Holdings Inc,8069,TWN,Technology,Aug-26,0.03298589329038448,0.03225229703737214,0.018022099957575605,0.02945960201329393,0.05377341053444615,-7.04120892318664,ridge_a0.1
CNE100001T80,CGN Power Co Ltd Shs -H- Unitary 144A/Reg S,01816,CHN,Utilities,Aug-26,0.032685018617623296,0.03207366898353082,0.017706476873017435,0.029292457168798282,0.051908245950025265,-6.7050852978923,ridge_a0.1
INE765G01017,ICICI Lombard General Insurance Co Ltd,540716,IND,Financial Services,Aug-26,0.03320653471707601,0.03205269355423693,0.017598930440882617,0.028981336388954504,0.04762416632833994,-8.230357399287197,ridge_a0.1
INE242A01010,Indian Oil Corp Ltd,IOC,IND,Energy,Aug-26,0.032695047773381995,0.031923710457083816,0.017894702977299552,0.029428664470142838,0.05240544921216259,-7.16976437734442,ridge_a0.1
INE020B01018,REC Ltd,532955,IND,Financial Services,Aug-26,0.03224373576424022,0.03183262226215977,0.01755054116477564,0.02930346435221351,0.052503235259133016,-6.139010523885971,ridge_a0.1
INE118H01025,BSE Ltd,BSE,IND,Financial Services,Aug-26,0.03274519355217553,0.031423688974609544,0.016775513839023332,0.028131795581355368,0.051634898909829724,-8.763698515031138,ridge_a0.1
COE15PA00026,Interconexion Electrica SA ESP,ISA,COL,Utilities,Aug-26,0.032664960306105884,0.031151122127605704,0.016837490600324762,0.028532610775452,0.052258758069689736,-9.332920544388465,ridge_a0.1
CNE1000062J1,Sichuan Kelun-Biotech Biopharmaceutical Co Ltd Class H Shares,06990,USA,Healthcare,Aug-26,0.029325251438456736,0.030844922160455764,0.01711243308227012,0.027790843158505787,0.04984481704169532,0.0,naive (no feature history)
HK0000055878,China Taiping Insurance Holdings Co Ltd,00966,CHN,Financial Services,Aug-26,0.030879770581056194,0.030464817946070356,0.016730673586584473,0.02805905002965224,0.05000681633988675,-6.2043736346971,ridge_a0.1
CZ0008019106,Komercni Banka AS,KOMB,CZE,Financial Services,Aug-26,0.03132105343443926,0.030461305226948267,0.016923811768940894,0.02795773772210098,0.05234493877128268,-7.536524455774626,ridge_a0.1
QA000A0KD6K3,Industries Qatar QSC,IQCD,QAT,Basic Materials,Aug-26,0.03178239459933974,0.030440295280151235,0.017039233534716165,0.028207086141554254,0.04941648747129645,-8.941537852157296,ridge_a0.1
02331|CHN,Li Ning Co Ltd,02331,CHN,Consumer Cyclical,Aug-26,0.032685018617623296,0.030381955172426686,0.01694814091764345,0.027880247111721036,0.05001467220794624,-11.625891077498604,ridge_a0.1
TW0002834009,Taiwan Business Bank,2834,TWN,Financial Services,Aug-26,0.0318726570011681,0.030056440808225497,0.01652590584284576,0.02765528694889596,0.0493774221052117,-10.344415077761832,ridge_a0.1
INE139A01034,National Aluminium Co Ltd,532234,IND,Basic Materials,Aug-26,0.028553006445036364,0.03003265847839178,0.016661396554872473,0.0266655963812885,0.050577368547433194,0.0,naive (no feature history)
MYL1066OO009,RHB Bank Bhd,1066,MYS,Financial Services,Aug-26,0.032313939854551166,0.030009929349335832,0.016697367014983706,0.027262777164474422,0.04667187648699724,-11.705606727573183,ridge_a0.1
INE211B01039,Phoenix Mills Ltd,503100,IND,Real Estate,Aug-26,0.031591840639924325,0.02997412035847241,0.016501490090452736,0.026999746458540346,0.05135330486672032,-9.795213542977049,ridge_a0.1
BRAXIAACNPC9,Axia Energia Class C preferred shares,AXIA7,BRA,,Aug-26,0.028402569108655774,0.029874425293574123,0.01637869070060573,0.027359390257464374,0.0500993026102942,0.0,naive (no feature history)
02268|CHN,WuXi XDC Cayman Inc,02268,CHN,Healthcare,Aug-26,0.02838251079713836,0.029853327535598436,0.016730771317480703,0.027241176991858643,0.050695429892391584,0.0,naive (no feature history)
INE669E01016,Vodafone Idea Ltd,532822,IND,Communication Services,Aug-26,0.03235405647758599,0.02977587993016839,0.017211477960526186,0.02754876967477128,0.04899707543685639,-12.502845175780603,ridge_a0.1
MXP000511016,Sigma Foods SAB de CV Class A,SIGMAFA,MEX,Consumer Defensive,Aug-26,0.031020178761678074,0.029767965824717184,0.015895773844614366,0.027216689720105366,0.043529216307778985,-8.764695029537622,ridge_a0.1
INE117A01022,ABB India Ltd,500002,IND,Industrials,Aug-26,0.029575980332424392,0.029745448386624254,0.01613180705383744,0.026783303599217084,0.04835711593845237,-4.382048097645133,ridge_a0.1
HK0291001490,China Resources Beer (Holdings) Co Ltd,00291,CHN,Consumer Defensive,Aug-26,0.03207324011634222,0.029644673215230715,0.016587827819900633,0.027294352077063308,0.04999580020339251,-12.125696136275515,ridge_a0.1
INE670K01029,Lodha Developers Ltd,543287,IND,Real Estate,Aug-26,0.030067408964600993,0.029635876008729408,0.01647683903807572,0.02712942952276949,0.04623499582462286,-6.29131786147461,ridge_a0.1
TH0481010R10,Central Pattana PCL Units Non-Voting Depository Receipt,CPN-R,THA,Real Estate,Aug-26,0.03155172401688951,0.029611618972134456,0.016193703285394784,0.026987721420552557,0.047898334403079716,-10.772828957371882,ridge_a0.1
LU0383812293,Reinet Investments SCA,REINI,LUX,Financial Services,Aug-26,0.030438487727673116,0.029542897553984787,0.016256407065213682,0.02718242714175586,0.05005118450682993,-7.724143977454887,ridge_a0.1
INE414G01012,Muthoot Finance Ltd,533398,IND,Financial Services,Aug-26,0.030137613054911937,0.029479374991648363,0.016197405925553167,0.026695357074967563,0.04974000044012796,-7.0033113319087095,ridge_a0.1
QA0007227752,The Commercial Bank (Q.S.C.),CBQK,QAT,Financial Services,Aug-26,0.030378312793120883,0.029472253791844077,0.01658079747772607,0.026534225332670712,0.04769022555444109,-7.762448745348707,ridge_a0.1
VIPS|CHN,Vipshop Holdings Ltd ADR,VIPS,CHN,Consumer Cyclical,Aug-26,0.03009749643187711,0.029323727897380095,0.016352328570558607,0.026692727886402992,0.04687320180214737,-7.371021406474862,ridge_a0.1
02313|HKG,Shenzhou International Group Holdings Ltd,02313,HKG,Consumer Cyclical,Aug-26,0.03082962480226266,0.029228463779640744,0.01656183073789044,0.025965746353938515,0.049543920585250055,-9.864511586889469,ridge_a0.1
00135|CHN,Kunlun Energy Co Ltd,00135,CHN,Energy,Aug-26,0.029596038643941808,0.02913193981804384,0.016343412637055677,0.02652462749199218,0.049221220464153004,-6.417663474186322,ridge_a0.1
KR7003490000,Korean Air Lines Co Ltd,003490,KOR,Industrials,Aug-26,0.030879770581056194,0.029037176668517246,0.016487361311973276,0.026709980006189758,0.046323869842729654,-10.599821133845131,ridge_a0.1
CNE1000031K4,Wuxi AppTec Co Ltd Class A,603259,CHN,Healthcare,Aug-26,0.030358254481603467,0.029013293526949906,0.016099816115518095,0.026181708983170442,0.0488623025911952,-9.13883508985272,ridge_a0.1
INE102D01028,Godrej Consumer Products Ltd,532424,IND,Consumer Defensive,Aug-26,0.030077438120359696,0.028957158924968023,0.015889459112412137,0.0263488192449167,0.048336948159391845,-8.467953283025679,ridge_a0.1
THA790010R17,SCB X PCL NVDR,SCB-R,THA,Financial Services,Aug-26,0.03059895421981242,0.028919236027362794,0.016018199714826566,0.02643278161975465,0.04671569034039256,-10.145817384451497,ridge_a0.1
TW0001519007,Fortune Electric Co Ltd,1519,TWN,Industrials,Aug-26,0.029836738382150754,0.028875407146417818,0.015666239951623293,0.026217103051747955,0.04412857936083565,-7.990041216088498,ridge_a0.1
INE647A01010,SRF Ltd,SRF,IND,Industrials,Aug-26,0.03026799207977511,0.028816141990683,0.01549804923078739,0.026150038130506426,0.04735791641125005,-9.487139610773825,ridge_a0.1
INE674K01013,Aditya Birla Capital Ltd,540691,IND,Financial Services,Aug-26,0.027349507753991628,0.028766792999850504,0.01590704190162981,0.026492302262771876,0.04753653290657972,0.0,naive (no feature history)
MYL5225OO007,IHH Healthcare Bhd,5225,MYS,Healthcare,Aug-26,0.029415513840285092,0.028760853430439322,0.015977315432543424,0.025855515836539122,0.04811777782713677,-7.042722543113849,ridge_a0.1
PLSOFTB00016,Asseco Poland SA,ACP,POL,Technology,Aug-26,0.02732944944247422,0.02874569524187482,0.016185742063135864,0.02660073955795833,0.0468719569214884,0.0,naive (no feature history)
CNE100000TP3,Luxshare Precision Industry Co Ltd Class A,002475,CHN,Technology,Aug-26,0.030127583899153234,0.02867512355043941,0.01555524788107315,0.02609051397506144,0.04735068625087591,-9.510318598815806,ridge_a0.1
SA0007879550,Saudi Energy Co,5110,SAU,Utilities,Aug-26,0.030558837596777595,0.028654174763481335,0.015641386961452026,0.02608466769565977,0.048280848255316755,-10.852505701748054,ridge_a0.1
MYL5819OO007,Hong Leong Bank Bhd,5819,MYS,Financial Services,Aug-26,0.030067408964600993,0.028574370316217464,0.015923981830287003,0.026481713252353708,0.04831014673222407,-9.647800372689645,ridge_a0.1
PLBIG0000016,Bank Millennium SA,MIL,POL,Financial Services,Aug-26,0.027108808015782682,0.02851361990414225,0.0160263550868816,0.025998858932247022,0.045835726936805786,0.0,naive (no feature history)
INE094A01015,Hindustan Petroleum Corp Ltd,HINDPETRO,IND,Energy,Aug-26,0.029485717930596036,0.02849413368935601,0.015363600858883875,0.026369319782506208,0.047984499365175286,-8.124055471368887,ridge_a0.1
KR7024110009,Industrial Bank of Korea,024110,KOR,Financial Services,Aug-26,0.028763618715969195,0.028406504070517237,0.015652325969875876,0.02545522839615441,0.04826330216299278,-6.107191023187253,ridge_a0.1
INE003A01024,Siemens Ltd,500550,IND,Industrials,Aug-26,0.028171898526205535,0.028223616732128753,0.01571587018202994,0.025923435888737197,0.04487638364114275,-4.75227388666879,ridge_a0.1
INE092T01019,IDFC First Bank Ltd,IDFCFIRSTB,IND,Financial Services,Aug-26,0.030779479023469128,0.028018205742727433,0.015606032064497602,0.025673297731000744,0.04693689752074848,-13.45596867086805,ridge_a0.1
CL0002456714,Plaza SA Shs,MALLPLAZA,CHL,Real Estate,Aug-26,0.026587291916329962,0.027965078196774365,0.015924066363232466,0.02562174235742983,0.04530940301294185,0.0,naive (no feature history)
TW0002912003,President Chain Store Corp,2912,TWN,Consumer Defensive,Aug-26,0.02908455170024779,0.0279508779301735,0.015326454671308715,0.02574295414937587,0.046755140448311194,-8.632625512796293,ridge_a0.1
LU2910446546,Zabka Group,ZAB,POL,Consumer Defensive,Aug-26,0.026476971202984197,0.02784904052790808,0.014805343018674042,0.025002484721024794,0.04670292440815965,0.0,naive (no feature history)
CNE100001NT6,China Galaxy Securities Co Ltd,06881,CHN,Financial Services,Aug-26,0.028502860666242837,0.027837096457313623,0.015076100431565568,0.025482193640700212,0.04645409480281617,-7.147510897376685,ridge_a0.1
KR7011200003,HMM,011200,KOR,Industrials,Aug-26,0.02929516397118062,0.027792397245743592,0.015552285772979403,0.025368116561584685,0.04501436844743892,-9.803820679322158,ridge_a0.1
BRRAILACNOR9,Rumo SA,RAIL3,BRA,Industrials,Aug-26,0.028422627420173183,0.02774443580368606,0.015492264961889154,0.025378793775572027,0.04433470841841516,-7.1953490967679805,ridge_a0.1
MX01OM000018,Grupo Aeroportuario del Centro Norte SAB de CV Class B,OMAB,MEX,Industrials,Aug-26,0.028031490345583644,0.027354319570545564,0.01513638482235941,0.025005363702681707,0.045196335665404826,-7.223540786446178,ridge_a0.1
KW0EQ0601058,Mobile Telecommunications Co KSC,ZAIN,KWT,Communication Services,Aug-26,0.029194872413593562,0.02719712402312772,0.014869327754188744,0.02495089111658297,0.046664300774078196,-11.432483691972461,ridge_a0.1
INE528G01035,Yes Bank Ltd,532648,IND,Financial Services,Aug-26,0.02898426014266073,0.02717915961455466,0.015021640695853601,0.024689732369708887,0.04543995346531505,-10.847839749766178,ridge_a0.1
TW0002618006,Eva Airways Corp,2618,TWN,Industrials,Aug-26,0.02836245248562095,0.02709027735331599,0.01479354818160209,0.024891688669656516,0.04510475479792091,-9.191241971337671,ridge_a0.1
MXP606941179,Kimberly - Clark de Mexico SAB de CV Class A,KIMBERA,MEX,Consumer Defensive,Aug-26,0.02790111132072047,0.027052482815605523,0.014189747234770112,0.024618703713827118,0.043883110422109566,-7.818516329384898,ridge_a0.1
TRATHYAO91M5,Turk Hava Yollari AO,THYAO,TUR,Industrials,Aug-26,0.028352423329862243,0.026939988900380327,0.014385534944850871,0.024441715206523454,0.04286392681229177,-9.663077034623097,ridge_a0.1
SA1210540914,Bupa Arabia for Cooperative Insurance Co,8210,SAU,Financial Services,Aug-26,0.02732944944247422,0.02690833578139963,0.014416154491539128,0.02427297058089814,0.04298528027750601,-6.391772559387087,ridge_a0.1
GRS282183003,Jumbo SA,BELA,GRC,Consumer Cyclical,Aug-26,0.027068691392747857,0.026743143281860473,0.014964416524305975,0.024451112617709558,0.043903318388632054,-6.070230567906698,ridge_a0.1
KR7000100008,Yuhan Corp,000100,KOR,Healthcare,Aug-26,0.0274598284673374,0.02673688493226366,0.01468833435570758,0.02429528119096087,0.04263862009070865,-7.429831795459793,ridge_a0.1
BRCMIGACNPR3,Cia Energetica DE Minas Gerais - Cemig Participating Preferred,CMIG4,BRA,Utilities,Aug-26,0.027520003401889634,0.02663404700931608,0.014689078868598335,0.024410027097064142,0.042348053097178255,-7.987518252561573,ridge_a0.1
INE323A01026,Bosch Ltd,500530,IND,Consumer Cyclical,Aug-26,0.0287736478717279,0.02658009394341324,0.014457169822077431,0.023965431293272402,0.04307130788623238,-12.174697769018604,ridge_a0.1
CNE000000XL5,Shengyi Technology Co Ltd Class A,600183,CHN,Technology,Aug-26,0.025664609586529,0.026561483602795342,0.01477539561043297,0.023993045037824623,0.04237318353110573,-1.6043876428555066,ridge_a0.1
KW0EQ0102065,Boubyan Bank KSC,BOUBYAN,KWT,Financial Services,Aug-26,0.028452714887449305,0.026507240385954735,0.014827299095361032,0.023843681141972023,0.04029775076794638,-11.427506637459425,ridge_a0.1
01209|CHN,China Resources Mixc Lifestyle Services Ltd,01209,CHN,Real Estate,Aug-26,0.027600236647959284,0.02650528116845484,0.01473997809167039,0.024377258582346198,0.044449242857157754,-8.698549813208082,ridge_a0.1
MYL6033OO004,Petronas Gas Bhd,6033,MYS,Energy,Aug-26,0.027680469894028933,0.02646786873240182,0.014401735765498512,0.02433391043214518,0.041938713574060614,-9.091690948482482,ridge_a0.1
AEE01268A239,Adnoc Logistics & Services PLC,ADNOCLS,ARE,Industrials,Aug-26,0.025163151798593696,0.026467137380500525,0.01443808305066951,0.024183911536405353,0.04360039910945732,0.0,naive (no feature history)
CNE100000N79,Suzhou Dongshan Precision Manufacturing Co Ltd Class A,002384,CHN,Technology,Aug-26,0.026035688349601127,0.02637210531475523,0.01465989929466265,0.02442480724914035,0.042160402935621934,-3.6983334354999093,ridge_a0.1
KR7161390000,Hankook Tire & Technology Co Ltd,161390,KOR,Consumer Cyclical,Aug-26,0.026757787564227968,0.02612811760485956,0.014984739682979737,0.02438059033133408,0.041189543071142976,-7.1640926079115435,ridge_a0.1
CNE000001DB6,CITIC Securities Co Ltd Class A,600030,CHN,Financial Services,Aug-26,0.027750673984339874,0.025937948373207773,0.014426280812940546,0.023927722897296735,0.04502034424014959,-11.13716754280734,ridge_a0.1
TH0168010R13,Bumrungrad Hospital PCL Units Non-Voting Depository Receipt,BH-R,THA,Healthcare,Aug-26,0.027590207492200577,0.025667276717517347,0.013716796626660036,0.023647078434919144,0.04426191601659141,-11.553043745817858,ridge_a0.1
HK0000112026,China Nonferrous Mining Corp Ltd,01258,CHN,Basic Materials,Aug-26,0.02439090680517332,0.025654873698436536,0.014170974083517668,0.02329127696525081,0.041401446928873736,0.0,naive (no feature history)
00268|CHN,Kingdee International Software Group Co Ltd,00268,CHN,Technology,Aug-26,0.0269683998351608,0.025610761405579236,0.013939813839776214,0.02322085649170583,0.0397668608237709,-9.712967806699517,ridge_a0.1
09660|CHN,Horizon Robotics Class B,09660,CHN,Technology,Aug-26,0.02432070271486238,0.025581031545521635,0.013975390633775711,0.023371283818940283,0.04317433639146398,0.0,naive (no feature history)
INE883A01011,MRF Ltd,500290,IND,Consumer Cyclical,Aug-26,0.026125950751429483,0.02552188302793664,0.013503609981152007,0.023188757749611495,0.04162042242067331,-7.125032259149585,ridge_a0.1
INE214T01019,LTM Ltd,540005,IND,Technology,Aug-26,0.026276388087810076,0.02551211722872495,0.01418738067094819,0.023224803416669423,0.04314928587309258,-7.692093774496836,ridge_a0.1
TW0006919004,Caliway Biopharmaceuticals Co Ltd,6919,TWN,Healthcare,Aug-26,0.02408000297665343,0.025327858449813376,0.014377599619612415,0.023154557277041396,0.042768659675568074,0.0,naive (no feature history)
MYL5285OO001,SD Guthrie Bhd,5285,MYS,Consumer Defensive,Aug-26,0.027148924638817507,0.02532345106458947,0.014071806145344083,0.02323602069209213,0.04072613327473831,-11.31946088021591,ridge_a0.1
CNE100001NR0,CMOC Group Ltd Class A,603993,CHN,Basic Materials,Aug-26,0.02522332673314593,0.02531014193954143,0.014432829302787133,0.0235458985555538,0.04236804047138355,-4.599581253621723,ridge_a0.1
AEA006101017,Abu Dhabi National Oil Co For Distribution PJSC,ADNOCDIST,ARE,Consumer Cyclical,Aug-26,0.027108808015782682,0.02525134194378859,0.013213574559033745,0.022769911778414306,0.04124545861482976,-11.441121721201528,ridge_a0.1
INE1NPP01017,Siemens Energy India Ltd,544390,IND,Utilities,Aug-26,0.02399976973058378,0.02524346741791062,0.01317953043469319,0.02324854450130992,0.042771954412977285,0.0,naive (no feature history)
INE118A01012,Bajaj Holdings and Investment Ltd,500490,IND,Financial Services,Aug-26,0.02560443465197676,0.02513469913367921,0.014101189636212902,0.022883111782938004,0.044588517717759436,-6.67101001093214,ridge_a0.1
GRS260333000,Hellenic Telecommunication Organization SA,HTO,GRC,Communication Services,Aug-26,0.025995571726566302,0.025056413038212252,0.013507430856298085,0.02249342941719239,0.04155553916721774,-8.361580135970904,ridge_a0.1
AEE001901017,Emaar Development PJSC Ordinary Shares,EMAARDEV,ARE,Real Estate,Aug-26,0.023658778434787774,0.024884805532323927,0.014502002673133004,0.022443710925908127,0.04407455572946188,0.0,naive (no feature history)
01519|CHN,J&T Global Express Ltd Ordinary Shares - Class B,01519,CHN,Industrials,Aug-26,0.023598603500235536,0.024821512258396863,0.013945054300638134,0.02204162553484669,0.04233059835909876,0.0,naive (no feature history)
TRAKCHOL91Q8,Koc Holding AS,KCHOL,TUR,Industrials,Aug-26,0.025935396792014065,0.024741335432455883,0.014113022773937087,0.02232954522465661,0.04245950807552124,-9.30396391140569,ridge_a0.1
BRMOTVACNOR7,Motiva Infraestrutura De Mobilidade SA,MOTV3,BRA,Industrials,Aug-26,0.023448166163854946,0.024663279073579205,0.014265831368605408,0.02215770461761417,0.04104292815104097,0.0,naive (no feature history)
INE356A01018,Mphasis Ltd,526299,IND,Technology,Aug-26,0.026095863284153368,0.024638944106202796,0.014167553362971935,0.022114225859893855,0.04182893800578842,-10.234699350531248,ridge_a0.1
MYL5211OO007,Sunway Bhd,5211,MYS,Industrials,Aug-26,0.025724784521081238,0.024600400655856433,0.01368264013281026,0.022326626449213904,0.0421402556755973,-9.082287444766369,ridge_a0.1
KR7352820005,HYBE Ordinary Shares,352820,KOR,Communication Services,Aug-26,0.025464026471354876,0.024590588212276873,0.013919618328490138,0.02233930290796174,0.04173789638957652,-8.187903160148286,ridge_a0.1
QA000A0M8VM3,AlRayan Bank Shs Partly paid,MARK,QAT,Financial Services,Aug-26,0.02625632977629266,0.02458681105258639,0.013740989771897456,0.021900201474154855,0.041853852305225134,-10.972075015205055,ridge_a0.1
CNE000001QZ7,Industrial Bank Co Ltd Class A,601166,CHN,Financial Services,Aug-26,0.025744842832598647,0.0245153982492849,0.013751101187764778,0.02198426775093481,0.04017598859905377,-9.467028801016871,ridge_a0.1
KR7005381009,Hyundai Motor Co Participating Preferred,005385,KOR,Consumer Cyclical,Aug-26,0.024842218814315094,0.024328168176253117,0.01396671857194939,0.021930243413956926,0.043321668523052304,-6.8941236016443055,ridge_a0.1
QA000A0KD6L1,Qatar Gas Transport Co Ltd (Nakilat) QSC,QGTS,QAT,Energy,Aug-26,0.02553423056166582,0.024308828950854032,0.013735212959667408,0.021773882271115624,0.041502675283820935,-9.489424129891729,ridge_a0.1
SA000A0MR864,Jabal Omar Development Co,4250,SAU,Consumer Cyclical,Aug-26,0.02310717486805894,0.02430461718799251,0.013641000317710681,0.021857219108563065,0.040754911075494726,0.0,naive (no feature history)
INE974X01010,Tube Investments of India Ltd Ordinary Shares,540762,IND,Industrials,Aug-26,0.02507288939676534,0.02426343499402991,0.01391398082131191,0.02163830243412962,0.04109482903551028,-7.9961576126147795,ridge_a0.1
AEA003001012,Air Arabia PJSC,AIRARABIA,ARE,Industrials,Aug-26,0.023057029089265404,0.024251872793053287,0.013805493654910532,0.021975342998691846,0.04123996323550956,0.0,naive (no feature history)
INE660A01013,Sundaram Finance Ltd,SUNDARMFIN,IND,Financial Services,Aug-26,0.025514172250148407,0.024233027905308135,0.013783759081860856,0.022328559571956175,0.04260646014468376,-9.700724650364476,ridge_a0.1
INE484J01027,Godrej Properties Ltd,GODREJPROP,IND,Real Estate,Aug-26,0.02426052778031014,0.02414353503058753,0.013555116679264711,0.021788561856242936,0.04248300461247358,-5.385286212989926,ridge_a0.1
AUGO|USA,Aura Minerals Inc,AUGO,USA,Basic Materials,Aug-26,0.02286647512984999,0.02405144409228425,0.013858840869386093,0.02182557168906272,0.03916258204400073,0.0,naive (no feature history)
TW0002609005,Yang Ming Marine Transport Corp,2609,TWN,Industrials,Aug-26,0.02527347251193946,0.024049502504120676,0.013406553776980528,0.021635643703363083,0.04223901573521839,-9.531113347224045,ridge_a0.1
KR7090430000,AmorePacific Corp,090430,KOR,Consumer Defensive,Aug-26,0.025323618290732992,0.024000424816108663,0.013335435600377329,0.02134311640473712,0.04004899461533382,-9.894513435918777,ridge_a0.1
CNE1000000S2,Bank of Communications Co Ltd Class A,601328,CHN,Financial Services,Aug-26,0.0251731809543524,0.023826413355315657,0.013490234845482492,0.02144849407943452,0.040485939717220545,-10.013234835512169,ridge_a0.1
INE628A01036,UPL Ltd,UPL,IND,Basic Materials,Aug-26,0.025052831085247924,0.02377786561703862,0.01332075253720578,0.021356735298265143,0.040189432267978206,-9.765186738903024,ridge_a0.1
CNE100003MM9,Advanced Micro-fabrication Equipment Inc Class A,688012,CHN,Technology,Aug-26,0.02481213134703898,0.02370092523838424,0.013351894235871076,0.021356130017320778,0.04293268533971792,-9.18464295197686,ridge_a0.1
CNE1000036N7,Shandong Gold Mining Co Ltd Ordinary Shares Class H,01787,CHN,Basic Materials,Aug-26,0.024561402453071323,0.023678049012408862,0.012840337589513043,0.021071025199928026,0.041136510468465726,-8.346127387176924,ridge_a0.1
03888|CHN,Kingsoft Corp Ltd,03888,CHN,Communication Services,Aug-26,0.02478204387976286,0.02365053165688133,0.013420373546837838,0.02111929065478351,0.041523876195760895,-9.267714165699223,ridge_a0.1
CNE100000BG0,CRRC Corp Ltd Class H,01766,CHN,Industrials,Aug-26,0.02432070271486238,0.023632950323687774,0.013273267549844297,0.02124998396821943,0.0411466207521377,-7.615334895182918,ridge_a0.1
00322|CHN,Tingyi (Cayman Islands) Holding Corp,00322,CHN,Consumer Defensive,Aug-26,0.025263443356180755,0.023428146366115954,0.013385765067899158,0.021345479967498165,0.040647190136613276,-11.83353043128355,ridge_a0.1
CNE1000004K1,Tsingtao Brewery Co Ltd Class H,00168,CHN,Consumer Defensive,Aug-26,0.02472186894521062,0.023343202373360745,0.013246118518215732,0.02121690192414237,0.04170062171111815,-10.228764725552,ridge_a0.1
INE881D01027,Oracle Financial Services Software Ltd,532466,IND,Technology,Aug-26,0.023678836746305183,0.023314471231401398,0.013065228796977343,0.021051660013898986,0.04007257245663358,-6.389778520974362,ridge_a0.1
BRTIMSACNOR5,TIM SA Ordinary Shares,TIMS3,BRA,Communication Services,Aug-26,0.023658778434787774,0.02326886897889226,0.012893016445575585,0.021078354425329578,0.039626840776213174,-6.493667597010791,ridge_a0.1
QA0007227737,Ooredoo QPSC,ORDS,QAT,Communication Services,Aug-26,0.0246817523221758,0.023230485380579695,0.013163216980212333,0.0207898280115556,0.04116872828898687,-10.517036205169122,ridge_a0.1
INE01EA01019,Vishal Mega Mart Ltd,VMM,IND,Consumer Cyclical,Aug-26,0.022044084357636082,0.023186436015281045,0.012715377674539204,0.020926420530231804,0.04121722252791101,0.0,naive (no feature history)
INE498L01015,L&T Finance Ltd,533519,IND,Financial Services,Aug-26,0.022013996890359967,0.023154789378317515,0.013029579288887932,0.020888637171746625,0.04081922883754535,0.0,naive (no feature history)
INE692A01016,Union Bank of India,532477,IND,Financial Services,Aug-26,0.02486227712583251,0.023154589157537514,0.013098306082818399,0.020674531768878943,0.0400677535164277,-11.456997994746903,ridge_a0.1
MX01PI000005,Promotora Y Operadora de Infraestructura SAB de CV,PINFRA,MEX,Industrials,Aug-26,0.023648749279029067,0.02291655167534117,0.012941438689613078,0.02096806765732071,0.03877076632118266,-7.870405959377086,ridge_a0.1
AEE01110S227,Salik Company PJSC,SALIK,ARE,Industrials,Aug-26,0.021783326307909724,0.022912165161597102,0.01289989434365673,0.02094017127579103,0.03968152506706616,0.0,naive (no feature history)
CNE1000006Z4,Huaneng Power International Inc Class H,00902,CHN,Utilities,Aug-26,0.024410965116690733,0.0228946457290152,0.01300354319418592,0.020392784255724963,0.03881932472849526,-10.832406992345469,ridge_a0.1
ZAE000134854,Clicks Group Ltd,CLS,ZAF,Healthcare,Aug-26,0.02366880759054648,0.022765686939562976,0.01290083736168156,0.020580979279270314,0.04034678128109199,-8.55447742001669,ridge_a0.1
06969|CHN,Smoore International Holdings Ltd Ordinary Shares,06969,CHN,Consumer Defensive,Aug-26,0.02159277234849431,0.02271173646082807,0.012807884389608858,0.020577054737274364,0.04122854770681357,0.0,naive (no feature history)
HK0270001396,Guangdong Investment Ltd,00270,CHN,Utilities,Aug-26,0.024069973820894725,0.02266166841122741,0.013019659312367036,0.020641374544445472,0.04084552915938563,-10.489428792458883,ridge_a0.1
BPI|PHL,Bank of the Philippine Islands,BPI,PHL,Financial Services,Aug-26,0.02361866181175295,0.022445378175688282,0.012617491388045727,0.020004192196140462,0.03878467503930779,-9.64967786840581,ridge_a0.1
MYL1961OO001,IOI Corp Bhd,1961,MYS,Consumer Defensive,Aug-26,0.024069973820894725,0.0224177691855365,0.012811237964613845,0.02008722726021151,0.03826084005696086,-11.45279824136734,ridge_a0.1
01929|HKG,Chow Tai Fook Jewellery Group Ltd,01929,HKG,Consumer Cyclical,Aug-26,0.022164434226740557,0.02235361705546249,0.012657697898869516,0.020225627636415326,0.03858809250971974,-4.11532011807764,ridge_a0.1
SA11U0S23612,Dar Alarkan Real Estate Development Co,4300,SAU,Real Estate,Aug-26,0.02350834109840718,0.022307709357223912,0.012408936720743639,0.02021324737539347,0.03996357437674449,-9.78244358452821,ridge_a0.1
CNE000000SK7,Inner Mongolia Yitai Coal Co Ltd,900948,CHN,Energy,Aug-26,0.022816329351056458,0.022188980652404298,0.012373083156639096,0.01979142541236112,0.03850210393378604,-7.540904581346722,ridge_a0.1
CNE100001YQ9,Huatai Securities Co Ltd Shs -H- Unitary 144A/Reg S,06886,CHN,Financial Services,Aug-26,0.023087116556541522,0.02206897457078934,0.012779099993250147,0.02019875850947654,0.039048966884078065,-9.119538317374557,ridge_a0.1
INE160A01022,Punjab National Bank,532461,IND,Financial Services,Aug-26,0.02342810785233753,0.022049955387677705,0.012361774444217467,0.019814449634085234,0.0406542838625771,-10.519466173574516,ridge_a0.1
CL0000000100,Cencosud SA,CENCOSUD,CHL,Consumer Cyclical,Aug-26,0.022936679220160933,0.022017480278732796,0.01264969635823302,0.01991821060913165,0.03961737091564378,-8.73691588586149,ridge_a0.1
CNE100000MD4,East Money Information Co Ltd Class A,300059,CHN,Financial Services,Aug-26,0.022535512989812687,0.021988166285529256,0.012899085763122318,0.02000840767176861,0.03663587268997609,-7.235965248749124,ridge_a0.1
QA0006929879,Qatar International Islamic Bank QSC,QIIK,QAT,Financial Services,Aug-26,0.023237553892922116,0.02196127129788906,0.01214611735249328,0.019661673622593728,0.0372315511121481,-10.148541129738515,ridge_a0.1
CNE100000528,China Coal Energy Co Ltd Class H,01898,CHN,Energy,Aug-26,0.022585658768606215,0.02195848045711118,0.012551981549146943,0.01997722266733442,0.03748258232416319,-7.566885468854282,ridge_a0.1
CNE1000002S8,COSCO SHIPPING Energy Transportation Co Ltd Class H,01138,CHN,Energy,Aug-26,0.02087067313386747,0.021952217173703305,0.01239046673566277,0.020139434031715114,0.0386655888444655,0.0,naive (no feature history)
BRKLBNCDAM18,Klabin SA Ctf de Deposito de Acoes Cons of 1 Sh ' 4 Pfd Shs,KLBN11,BRA,Basic Materials,Aug-26,0.02302694162198929,0.021916317027182344,0.01226847191154622,0.019605008594730085,0.03849509597979134,-9.512335326927309,ridge_a0.1
INE562A01011,Indian Bank,532814,IND,Financial Services,Aug-26,0.02083055651083264,0.021910021657751924,0.012527582913441504,0.01993474154831361,0.0381810134386047,0.0,naive (no feature history)
INE584A01023,NMDC Ltd,526371,IND,Basic Materials,Aug-26,0.02327767051595694,0.021761094196150844,0.012512669104751389,0.019580372389715335,0.03734307126636648,-11.120975751501952,ridge_a0.1
CLP7847L1080,Empresas COPEC SA,COPEC,CHL,Industrials,Aug-26,0.022896562597126104,0.021601619932586448,0.011857350941135561,0.019339977990231225,0.037334931875552875,-10.30378876432044,ridge_a0.1
ID1000096605,PT Bank Negara Indonesia (Persero) Tbk Registered Shs Series -B-,BBNI,IDN,Financial Services,Aug-26,0.02330775798323306,0.021581826640333167,0.012125673653121045,0.019522204942286375,0.03729643139859437,-11.966946570986861,ridge_a0.1
KR7028300002,HLB Co Ltd,028300,KOR,Healthcare,Aug-26,0.02189364702125549,0.021450558325882524,0.012135109409964673,0.019470971915375106,0.03584565039588527,-6.85092326220888,ridge_a0.1
CNE1000031W9,Ganfeng Lithium Group Co Ltd,01772,CHN,Basic Materials,Aug-26,0.020339127878656042,0.021393126587347575,0.011698516506650668,0.01897398569861742,0.036764277315842385,0.0,naive (no feature history)
INE811K01011,Prestige Estates Projects Ltd,533274,IND,Real Estate,Aug-26,0.023257612204439525,0.021331431957514798,0.012393942680429955,0.019247744007428985,0.03785233199831147,-12.80070951492987,ridge_a0.1
MYL2445OO004,Kuala Lumpur Kepong Bhd,2445,MYS,Industrials,Aug-26,0.02246530889950174,0.020992821004524893,0.011610011075151265,0.018687982016603228,0.037523583612469824,-11.158378988844504,ridge_a0.1
INE776C01039,GMR Airports Ltd,532754,IND,Industrials,Aug-26,0.02210425929218832,0.020969158015696092,0.011959343283655213,0.01877085601640037,0.03764095318620451,-9.80902291438979,ridge_a0.1
CNE100001XQ1,Suzhou TFC Optical Communications Co Ltd Class A,300394,CHN,Technology,Aug-26,0.021101343716317708,0.02092145326499004,0.012020078850073189,0.019031618114705155,0.03690139663444882,-5.737315725910507,ridge_a0.1
INE176B01034,Havells India Ltd,517354,IND,Industrials,Aug-26,0.021352072610285364,0.02089763807127992,0.011638809389276809,0.018828356436099408,0.03770695137372596,-6.9502455186610685,ridge_a0.1
INE028A01039,Bank of Baroda,532134,IND,Financial Services,Aug-26,0.021993938578842555,0.020831809151989924,0.011516498976026798,0.018863814908058274,0.036113902089641964,-9.950346473572843,ridge_a0.1
INE377N01017,Waaree Energies Ltd,WAAREEENER,IND,Technology,Aug-26,0.019787524311927207,0.020812938243016155,0.011921729839400734,0.019339439206927864,0.03847671520738455,0.0,naive (no feature history)
CZ0008040318,Moneta Money Bank AS,MONET,CZE,Financial Services,Aug-26,0.021131431183593823,0.020697005845650387,0.011380580691198721,0.0185104194594425,0.03515813044289927,-6.881348865606859,ridge_a0.1
PLPGER000010,Polska Grupa Energetyczna SA,PGE,POL,Utilities,Aug-26,0.021181576962387358,0.02068669175217506,0.01201775256429745,0.018426036659996644,0.039164357166608196,-7.148094871327304,ridge_a0.1
CNE100000HF9,China Minsheng Banking Corp Ltd Class H,01988,CHN,Financial Services,Aug-26,0.02192373448853161,0.020686096261404337,0.011524825809326605,0.018606145512242146,0.03567785814438881,-10.293879885797242,ridge_a0.1
GRS419003009,Allwyn AG,ALWN,GRC,Consumer Cyclical,Aug-26,0.021502509946665957,0.020657288470853522,0.011372287890471356,0.018585845760412195,0.033891452405276724,-8.663950594229366,ridge_a0.1
CNE0000014W7,Jiangsu Hengrui Pharmaceuticals Co Ltd Class A,600276,CHN,Healthcare,Aug-26,0.021502509946665957,0.020535995418130205,0.011980029079685544,0.018805110835538125,0.03744506762145529,-9.200246936885602,ridge_a0.1
KR7005940002,NH Investment & Securities Co Ltd,005940,KOR,Financial Services,Aug-26,0.02200396773460126,0.02052703842955524,0.011989714985115479,0.018438815298032,0.034790932477370154,-11.308221887213074,ridge_a0.1
SMPH|PHL,SM Prime Holdings Inc,SMPH,PHL,Real Estate,Aug-26,0.02179335546366843,0.020481590819434476,0.011245446172860194,0.018231295518360197,0.03594943072942061,-10.64936384421335,ridge_a0.1
TRAEREGL91G3,Eregli Demir Ve Celik Fabrikalari TAS,EREGL,TUR,Basic Materials,Aug-26,0.022054113513394792,0.020473256321857654,0.011819892461754834,0.018637155645199036,0.03561430756484076,-11.741735336837557,ridge_a0.1
SA000A0DPSH3,The Company For Cooperative Insurance,8010,SAU,Financial Services,Aug-26,0.021562684881218187,0.02046522205725033,0.012245552368194855,0.01863747998127684,0.037450467709998624,-9.765692216455262,ridge_a0.1
CNE100000FN7,Sinopharm Group Co Ltd,01099,CHN,Healthcare,Aug-26,0.02151253910242466,0.020432893442184442,0.011898449695639031,0.018237929949184814,0.03633373286816944,-9.698229929948532,ridge_a0.1
KR7323410001,KakaoBank Corp,323410,KOR,Financial Services,Aug-26,0.02146239332363113,0.020365673300672814,0.011540387849993521,0.018226263000295475,0.03569517014851856,-9.785013387336226,ridge_a0.1
ID1000117609,PT Bumi Resources Minerals Tbk,BRMS,IDN,Basic Materials,Aug-26,0.019356270614302843,0.020359336446538867,0.011782378430461371,0.01835447145669193,0.037275129610486596,0.0,naive (no feature history)
CNE100001TQ9,GF Securities Co Ltd Shs -H- Unitary 144A/Reg S,01776,CHN,Financial Services,Aug-26,0.019336212302785427,0.020338238688563173,0.011337797039995188,0.018693979222663325,0.03853835200382206,0.0,naive (no feature history)
CNE1000022F3,Guotai Haitong Securities Co Ltd Class A,601211,CHN,Financial Services,Aug-26,0.02231487156312115,0.02029659418293793,0.011665940661035016,0.01848816743534739,0.03491338501880502,-13.52574229136334,ridge_a0.1
INE169A01031,Coromandel International Ltd,506395,IND,Basic Materials,Aug-26,0.019276037368233193,0.020274945414636113,0.01120162338648662,0.018053144886128136,0.034634737254539104,0.0,naive (no feature history)
TRAYKBNK91N6,Yapi Ve Kredi Bankasi AS,YKBNK,TUR,Financial Services,Aug-26,0.021181576962387358,0.020263812458585696,0.011420409858087257,0.01824545508445554,0.03585072839528267,-9.046182227180651,ridge_a0.1
CNE0000011B7,Shanghai Pudong Development Bank Co Ltd Class A,600000,CHN,Financial Services,Aug-26,0.020980993847213233,0.02016194020854603,0.011530523907958534,0.018090403764058363,0.03619927032655311,-8.638266358725753,ridge_a0.1
CNE1000001W2,Anhui Conch Cement Co Ltd Class H,00914,CHN,Basic Materials,Aug-26,0.02140221838907889,0.02012136695114142,0.01129975501656408,0.018113564598074887,0.03543552610909713,-10.616623584872265,ridge_a0.1
INE634S01028,Mankind Pharma Ltd,543904,IND,Healthcare,Aug-26,0.022264725784327623,0.02003341350251702,0.011117647929558038,0.018165282300099655,0.034438715431873344,-14.454795180911384,ridge_a0.1
BRENGICDAM16,Energisa SA Units Cons of 1 Sh ' 4 Pfd Shs,ENGI11,BRA,Utilities,Aug-26,0.021061227093282883,0.01997101226173824,0.011089192246274042,0.01787399709622372,0.0342537158736051,-9.848185291708702,ridge_a0.1
CNE100001QQ5,Midea Group Co Ltd Class A,000333,CHN,Consumer Cyclical,Aug-26,0.021983909423083845,0.01997053122398062,0.011302608147150419,0.017824484133223552,0.03399741400565642,-13.63400967004004,ridge_a0.1
INE476A01022,Canara Bank,532483,IND,Financial Services,Aug-26,0.020539710993830167,0.01996102214337338,0.011613681105381257,0.01812814246627766,0.034927608026620996,-7.605416133073997,ridge_a0.1
INE079A01024,Ambuja Cements Ltd,500425,IND,Basic Materials,Aug-26,0.02107125624904159,0.019946489091635516,0.011180651322639745,0.017793167867540476,0.035554312213800086,-10.001742467559126,ridge_a0.1
SA000A0BLA62,Jarir Marketing Co,4190,SAU,Consumer Cyclical,Aug-26,0.021352072610285364,0.01994297288089061,0.011392811878474546,0.017889919456206854,0.03421146301387069,-11.201030285562014,ridge_a0.1
CNE100005K77,Zhejiang Leapmotor Technology Co Ltd Class H,09863,CHN,Consumer Cyclical,Aug-26,0.020660060862934638,0.019833468040053547,0.011156700571833003,0.017853955564805103,0.03538069924372786,-8.730613765530503,ridge_a0.1
MYL3816OO005,MISC Bhd,3816,MYS,Industrials,Aug-26,0.021131431183593823,0.01970170875220478,0.01101056666219539,0.01733095714633591,0.034919282245185326,-11.359326188066474,ridge_a0.1
MYL5183OO008,Petronas Chemicals Group Bhd,5183,MYS,Basic Materials,Aug-26,0.020670090018693344,0.019683519332106953,0.011621160387785899,0.017966507995451304,0.03448870898042787,-9.464594936952988,ridge_a0.1
INE947Q01028,Laurus Labs Ltd,540222,IND,Healthcare,Aug-26,0.018694346334228236,0.01966311043334116,0.010981925855314578,0.017823953143251824,0.03366910304810606,0.0,naive (no feature history)
HK0285041858,BYD Electronic (International) Co Ltd,00285,CHN,Technology,Aug-26,0.02018869054227545,0.01955521497360118,0.011004017457221352,0.017536596594935325,0.0334886921176874,-7.909992280576342,ridge_a0.1
INE259A01022,Colgate-Palmolive (India) Ltd,500830,IND,Consumer Defensive,Aug-26,0.01953679541795955,0.019465719921679246,0.011066935491867871,0.017434239538990315,0.03267977011765218,-5.272689393566757,ridge_a0.1
CNE100006CQ4,Ubtech Robotics Corp Ltd Ordinary Shares - Class H,09880,CHN,Industrials,Aug-26,0.018483734063295405,0.019441583974596437,0.010880647131960818,0.017333805777894423,0.032738041119268445,0.0,naive (no feature history)
HK0144000764,China Merchants Port Holdings Co Ltd,00144,CHN,Industrials,Aug-26,0.020208748853792865,0.019329897220130465,0.011044527865693782,0.017665199896867406,0.03472906669299444,-9.061416735785485,ridge_a0.1
06862|CHN,Haidilao International Holding Ltd,06862,CHN,Consumer Cyclical,Aug-26,0.020670090018693344,0.01932029956702584,0.010703832529261992,0.01722157153190743,0.031868262520033275,-11.135243767768705,ridge_a0.1
02618|CHN,JD Logistics Inc,02618,CHN,Industrials,Aug-26,0.019546824573718258,0.019269019092839873,0.011084141682969072,0.01757357866010619,0.03362552557594791,-6.278019448276792,ridge_a0.1
CNE1000007Q1,PetroChina Co Ltd Class A,601857,CHN,Energy,Aug-26,0.020218778009551568,0.01920326762887382,0.010860786603466928,0.017472629844763034,0.032923445236594275,-9.701965654911334,ridge_a0.1
03998|CHN,Bosideng International Holdings Ltd,03998,CHN,Consumer Cyclical,Aug-26,0.020750323264762994,0.019116718108067532,0.010905809794423502,0.01738365517682849,0.032157880958135376,-12.41161166987471,ridge_a0.1
00316|CHN,Orient Overseas (International) Ltd,00316,CHN,Industrials,Aug-26,0.02031906956713863,0.01893672323306762,0.010880519738261539,0.016853269297008755,0.0338513552648723,-11.394826461011457,ridge_a0.1
INE010B01027,Zydus Lifesciences Ltd,532321,IND,Healthcare,Aug-26,0.02019871969803416,0.018932738098677387,0.010743078292512101,0.016899067704193926,0.03203406371714501,-10.885648564973806,ridge_a0.1
SA000A0HNF36,Yanbu National Petrochemicals Co,2290,SAU,Basic Materials,Aug-26,0.01983767009072073,0.01877248360379007,0.01091755471417383,0.016860403560354426,0.03406094791107148,-10.031778353408383,ridge_a0.1
INE226A01021,Voltas Ltd,VOLTAS,IND,Consumer Cyclical,Aug-26,0.020549740149588873,0.01875285382911503,0.010218237657526844,0.016770840184807043,0.032372202896967905,-13.240088614305328,ridge_a0.1
INE220G01021,Jindal Stainless Ltd,532508,IND,Basic Materials,Aug-26,0.019917903336790384,0.01870311858936585,0.010682033599726996,0.016837155605217473,0.032422479691010024,-10.72528486486936,ridge_a0.1
CNE100000767,China Shenhua Energy Co Ltd Class A,601088,CHN,Energy,Aug-26,0.019255979056715777,0.01867306471154549,0.010314516395699786,0.016488166773707014,0.03277732359514349,-7.804852549066624,ridge_a0.1
TRATCELL91M1,Turkcell Iletisim Hizmetleri AS,TCELL,TUR,Communication Services,Aug-26,0.019065425097300363,0.01865444588321089,0.01037522310788991,0.01678895944327817,0.033392680555140435,-6.976232211363165,ridge_a0.1
INE195A01028,Supreme Industries Ltd,509930,IND,Industrials,Aug-26,0.01995801995982521,0.018653891450716557,0.010489539464511477,0.016910431476499507,0.032218657063809164,-11.139232802300668,ridge_a0.1
MYL6947OO005,CelcomDigi Bhd,6947,MYS,Communication Services,Aug-26,0.019727349377374966,0.018590593630999692,0.010673424689829132,0.016573241368361434,0.031737568819137696,-10.405244722527792,ridge_a0.1
CNE1000030S9,GigaDevice Semiconductor Inc Class A,603986,CHN,Technology,Aug-26,0.019215862433680956,0.01858904641170072,0.010286911885589906,0.01670682014532319,0.03311293229844356,-8.02807072728199,ridge_a0.1
CNE000000VQ8,Wuliangye Yibin Co Ltd Class A,000858,CHN,Consumer Defensive,Aug-26,0.019546824573718258,0.018490451584577686,0.010355179911946791,0.01642469384250695,0.03175885759250392,-10.064869651495844,ridge_a0.1
INE347G01014,Petronet LNG Ltd,532522,IND,Energy,Aug-26,0.019075454253059065,0.018484396279908246,0.0104341348916834,0.016729745106089274,0.03253342218493247,-7.872677866962357,ridge_a0.1
TW0002615002,Wan Hai Lines Ltd,2615,TWN,Industrials,Aug-26,0.019647116131305317,0.01846627261039615,0.010513913821004243,0.01634101924033063,0.03206535750571301,-10.640959619824466,ridge_a0.1
KW0EQ0100028,Gulf Bank KSC,GBK,KWT,Financial Services,Aug-26,0.019817611779203322,0.018395072691132063,0.01052432992100665,0.016566385904593445,0.033399641876139495,-11.751311925622804,ridge_a0.1
PLBUDMX00013,Budimex SA,BDX,POL,Industrials,Aug-26,0.019055395941541656,0.01834330384396136,0.010336479489539111,0.016017263624355974,0.039956210098802035,-8.47965499163057,ridge_a0.1
MYL4863OO006,Telekom Malaysia Bhd,4863,MYS,Communication Services,Aug-26,0.019296095679750606,0.018333668954787004,0.00994570850559134,0.01573002228415587,0.042845453824025805,-9.668752678221033,ridge_a0.1
CNE100000338,Great Wall Motor Co Ltd Class H,02333,CHN,Consumer Cyclical,Aug-26,0.018894929449402357,0.018106468350738834,0.010194614361301348,0.015644076370546385,0.03565749874043973,-8.894091951259615,ridge_a0.1
INE093I01010,Oberoi Realty Ltd,533273,IND,Real Estate,Aug-26,0.01982764093496203,0.018102183133304563,0.01014092689096455,0.015986815782695042,0.03813382530337201,-13.200349887371107,ridge_a0.1
TH0101010R14,Charoen Pokphand Foods PCL Units Non-Voting Depository Receipt,CPF-R,THA,Consumer Defensive,Aug-26,0.018935046072437185,0.018097637018836786,0.010154677822659261,0.015854679464754478,0.03618458510143674,-9.131455211309877,ridge_a0.1
SA0007879659,Makkah Construction & Development Co,4100,SAU,Consumer Cyclical,Aug-26,0.017159885503146198,0.018049131948201035,0.009795177184326744,0.015352372976575022,0.03704640449056925,0.0,naive (no feature history)
CNE000000W05,China CSSC Holdings Ltd Class A,600150,CHN,Industrials,Aug-26,0.019015279318506835,0.017994352721454512,0.009747187037534662,0.01572702205869919,0.037605449297494244,-10.031270862307082,ridge_a0.1
KW0EQB010944,Warba Bank (K.S.C.),WARBABANK,KWT,Financial Services,Aug-26,0.01709971056859396,0.01798583867427397,0.009747936250682206,0.015554582620410345,0.035169280367586965,0.0,naive (no feature history)
INE848E01016,NHPC Ltd,533098,IND,Utilities,Aug-26,0.01969726191009885,0.017985448633318583,0.010033083169386859,0.015501293630350318,0.03690998349401076,-13.189255327672528,ridge_a0.1
SA0007879063,Saudi Investment Bank,1030,SAU,Financial Services,Aug-26,0.01930612483550931,0.01797217027629074,0.009678724152546123,0.015547388514205587,0.04064184826430498,-11.49588158060727,ridge_a0.1
INE540L01014,Alkem Laboratories Ltd,ALKEM,IND,Healthcare,Aug-26,0.01966717444282273,0.01797063706007515,0.009898020513424222,0.015753295959083317,0.03326565534597005,-13.128050199987673,ridge_a0.1
03800|CHN,GCL Technology Holdings Ltd,03800,CHN,Technology,Aug-26,0.019556853729476964,0.01795955249591649,0.009793503511995535,0.01548674801197258,0.038024984440051535,-12.69188952118975,ridge_a0.1
INE761H01022,Page Industries Ltd,532827,IND,Consumer Cyclical,Aug-26,0.018724433801504355,0.017923840466843855,0.010108597563956394,0.015499871301363977,0.036608214027395225,-8.991817452427396,ridge_a0.1
TRAISCTR91N2,Turkiye Is Bankasi AS Class C,ISCTR,TUR,Financial Services,Aug-26,0.018754521268780473,0.01792354131380829,0.010214049348374563,0.01556974977588018,0.037192595606428444,-9.139336395085895,ridge_a0.1
INE070A01015,Shree Cement Ltd,500387,IND,Basic Materials,Aug-26,0.018563967309365055,0.017842063091118947,0.010176296123929396,0.015634039494787044,0.039535979716766964,-8.623958162497674,ridge_a0.1
CNE100001T64,Shaanxi Coal Industry Co Ltd Class A,601225,CHN,Energy,Aug-26,0.018714404645745645,0.01770141720611369,0.009765400618042663,0.015468171031505457,0.03464371121942822,-10.07300352613529,ridge_a0.1
CNE1000004Y2,ZTE Corp Class H,00763,CHN,Technology,Aug-26,0.018202917702051635,0.01753808156401589,0.00995673338882341,0.015361143846248275,0.04036392801663584,-8.399225478440695,ridge_a0.1
02525|CHN,Hesai Group Class B,02525,CHN,Consumer Cyclical,Aug-26,0.016668456870969597,0.01753223687779668,0.010114552020507732,0.01523893106479094,0.03547667483082791,0.0,naive (no feature history)
CNE100006JG0,Laopu Gold Co Ltd Ordinary Shares - Class H,06181,CHN,Consumer Cyclical,Aug-26,0.016648398559452184,0.017511139119820992,0.010095287236767194,0.015048801173643787,0.03634324733682319,0.0,naive (no feature history)
CNE100003373,Shennan Circuits Co Ltd Class A,002916,CHN,Technology,Aug-26,0.018273121792362578,0.017496283405181376,0.009872040540312373,0.01534285775208439,0.03768329465477671,-8.968620979664895,ridge_a0.1
BRMBRFACNOR1,Marfrig Global Foods SA,MBRF3,BRA,Consumer Defensive,Aug-26,0.01649796122307159,0.01735290593500333,0.009028849407024881,0.01489012670233528,0.035131986776766724,0.0,naive (no feature history)
KW0EQ0400725,Mabanee Co KPSC,MABANEE,KWT,Real Estate,Aug-26,0.018373413349949637,0.017251102430937422,0.009475878878062541,0.015047700978246634,0.03977416461571194,-10.73420560523893,ridge_a0.1
CNE100003MN7,Montage Technology Co Ltd Class A,688008,CHN,Technology,Aug-26,0.01785189725049692,0.017231220986725037,0.009341357493836511,0.014959347375525399,0.03373340832576714,-8.232322698435377,ridge_a0.1
TH0068010R15,TMBThanachart Bank PCL Units Non-Voting Depository Receipt,TTB-R,THA,Financial Services,Aug-26,0.018102626144464572,0.017059692070114724,0.009319234405885767,0.014842103348964977,0.035282955183262195,-10.404195949889331,ridge_a0.1
MXP4948K1056,Gruma SAB de CV Class B,GRUMAB,MEX,Consumer Defensive,Aug-26,0.017400585241355144,0.016962438994964066,0.009456017243814596,0.014483547126174869,0.03437925383320277,-7.320750286538943,ridge_a0.1
INE274J01014,Oil India Ltd,533106,IND,Energy,Aug-26,0.018222976013569047,0.0169264399812462,0.009275601294376991,0.014732574745629895,0.03548341818452629,-11.691117714466664,ridge_a0.1
CL0002266774,Enel Chile SA,ENELCHILE,CHL,Utilities,Aug-26,0.017059593945559136,0.0169193849914954,0.009765490413075768,0.014632329177269997,0.03432061592567852,-5.7081951406959845,ridge_a0.1
INE121E01018,JSW Energy Ltd,JSWENERGY,IND,Utilities,Aug-26,0.018754521268780473,0.01686406391603019,0.009305891077396497,0.014557726078626695,0.03793301147985781,-14.510195744312993,ridge_a0.1
CNE000001N05,Bank Of China Ltd Class A,601988,CHN,Financial Services,Aug-26,0.017741576537151152,0.01685829107848071,0.009465570137159781,0.014635898579833497,0.03672212171705592,-9.660141716268313,ridge_a0.1
CNE1000048G6,RemeGen Co Ltd Class H,09995,CHN,Healthcare,Aug-26,0.01597644512361887,0.016804364227635444,0.00954168870510033,0.014797744166191023,0.030846685341471933,0.0,naive (no feature history)
MYL6012OO008,Maxis Bhd,6012,MYS,Communication Services,Aug-26,0.01789201387353175,0.016711697100987473,0.009348520674239228,0.01457917431346973,0.03616149703954022,-11.198685387925906,ridge_a0.1
TRASAHOL91Q5,Haci Omer Sabanci Holding AS,SAHOL,TUR,Financial Services,Aug-26,0.017621226668046677,0.016676067449237476,0.00957163374613007,0.014890913303723115,0.03663751795804035,-10.02630190025139,ridge_a0.1
BRCXSEACNOR7,Caixa Seguridade Participacoes SA,CXSE3,BRA,Financial Services,Aug-26,0.017400585241355144,0.016535934456927207,0.0094220289346439,0.014380459399182621,0.033602839888302254,-9.651082651853752,ridge_a0.1
CNE100000SP5,Wus Printed Circuit (Kunshan) Co Ltd Class A,002463,CHN,Technology,Aug-26,0.017169914658904904,0.016483034025271272,0.009368713530074771,0.014303454330610633,0.033089088163863044,-8.730203025204993,ridge_a0.1
CNE100000X44,Chongqing Rural Commercial Bank Co Ltd Class H,03618,CHN,Financial Services,Aug-26,0.015615395516305452,0.016424604584073063,0.008822755740205069,0.013927528661734672,0.033451442101162875,0.0,naive (no feature history)
INE813H01021,Torrent Power Ltd,532779,IND,Utilities,Aug-26,0.018042451209912335,0.016321188357128372,0.008728160845305845,0.014286573642508413,0.03418307431632149,-13.996860903863736,ridge_a0.1
00136|CHN,China Ruyi Holdings Ltd,00136,CHN,Communication Services,Aug-26,0.017029506478283017,0.01618444841514493,0.0089121312379258,0.013976900862737087,0.035104476323224984,-9.644642930530527,ridge_a0.1
00241|CHN,Alibaba Health Information Technology Ltd,00241,CHN,Healthcare,Aug-26,0.017069623101317842,0.016144278271201257,0.008956567632557923,0.013778394577432252,0.031165970536527275,-10.080730797286858,ridge_a0.1
CNE1000020V4,Victory Giant Technology (HuiZhou)Co Ltd Class A,300476,CHN,Technology,Aug-26,0.015274404220509444,0.01606594269848637,0.009197942753697457,0.01386036376563826,0.03729570282192858,0.0,naive (no feature history)
CNE100003RV9,Beijing-Shanghai High Speed Railway Co Ltd Class A,601816,CHN,Industrials,Aug-26,0.016798835895832778,0.015784296319689927,0.008556956607732489,0.013656862877353773,0.029756326260129584,-10.668607534257706,ridge_a0.1
CNE1000008M8,China Pacific Insurance (Group) Co Ltd Class A,601601,CHN,Financial Services,Aug-26,0.016437786288519354,0.015699830720456404,0.008545177316202236,0.01341166010070307,0.03326844420952082,-9.19501189404261,ridge_a0.1
HK0000077468,Far East Horizon Ltd,03360,CHN,Financial Services,Aug-26,0.017159885503146198,0.015660698384483116,0.008775888355360483,0.01346450246767231,0.03360939617089588,-13.232955305398896,ridge_a0.1
CNE1000005P7,Bank Of Ningbo Co Ltd Class A,002142,CHN,Financial Services,Aug-26,0.016467873755795472,0.015621351960098988,0.008795397012571102,0.013515151881648691,0.033451554198339374,-9.81399394057442,ridge_a0.1
CNE0000016J9,Wanhua Chemical Group Co Ltd Class A,600309,CHN,Basic Materials,Aug-26,0.016768748428556655,0.015464943781994825,0.008898538350176365,0.013432249303137935,0.035137161563719016,-12.318945915245628,ridge_a0.1
BRPSSAACNOR7,Porto Seguro SA,PSSA3,BRA,Financial Services,Aug-26,0.014652596563469664,0.01541191220124004,0.008753059441729473,0.013277321244357872,0.03347703165283931,0.0,naive (no feature history)
CNE100000742,China Construction Bank Corp Class A,601939,CHN,Financial Services,Aug-26,0.01632746557517359,0.015405112480528812,0.008822491051491462,0.013353343777869196,0.031051793538151212,-10.297579347825685,ridge_a0.1
SM|PHL,SM Investments Corp,SM,PHL,Consumer Cyclical,Aug-26,0.01632746557517359,0.015385284328672802,0.008628628241318957,0.013365567691479341,0.03227131248190442,-10.413036681927668,ridge_a0.1
CNE000000040,Ping An Bank Co Ltd Class A,000001,CHN,Financial Services,Aug-26,0.01619708655031041,0.015339447252892664,0.00875900838416274,0.013217148369030948,0.030521402307007995,-9.960956372157884,ridge_a0.1
MBT|PHL,Metropolitan Bank & Trust Co,MBT,PHL,Financial Services,Aug-26,0.016026590902412405,0.015334529245092213,0.00877380791485088,0.013482610894043925,0.034937110061537886,-9.032268887699091,ridge_a0.1
SA0007879055,Bank AlJazira,1020,SAU,Financial Services,Aug-26,0.01632746557517359,0.015306718601921674,0.008382568086716528,0.013046017321529485,0.031440308532385275,-10.87051700729246,ridge_a0.1
CNE100001Y42,Chaozhou Three-Circle (Group) Co Ltd Class A,300408,CHN,Technology,Aug-26,0.015374695778096505,0.015271213195669866,0.008282243366771158,0.013075089727999374,0.030073923063889774,-5.566719887120936,ridge_a0.1
CNE1000004X4,Zhuzhou CRRC Times Electric Co Ltd Class H,03898,CHN,Industrials,Aug-26,0.01589621187754922,0.015231204156840783,0.008348381495139647,0.01319671908235949,0.034966715797076046,-8.904135320455389,ridge_a0.1
ID1000085707,PT Barito Pacific Tbk,BRPT,IDN,Basic Materials,Aug-26,0.015605366360546744,0.015187471650659045,0.00839680903136512,0.013261632295683935,0.030075240700006844,-7.472766490284092,ridge_a0.1
INE151A01013,Tata Communications Ltd,500483,IND,Communication Services,Aug-26,0.016207115706069114,0.015088653925803615,0.008329243298769702,0.013071256030493762,0.03034426808958975,-11.487862063991901,ridge_a0.1
CNE100000601,COSCO SHIPPING Holdings Co Ltd Class A,601919,CHN,Industrials,Aug-26,0.015264375064750736,0.015038341498953875,0.008399637242389825,0.013223233055475368,0.03101561501109265,-6.334645739486541,ridge_a0.1
STNE|BRA,StoneCo Ltd Class A,STNE,BRA,Technology,Aug-26,0.015344608310820386,0.014998615935489875,0.008229236855001439,0.013123867264673919,0.03184314663569839,-7.070533631136475,ridge_a0.1
INE603J01030,PI Industries Ltd,PIIND,IND,Basic Materials,Aug-26,0.015815978631479575,0.014977467209477194,0.008210485239198798,0.013013659127866731,0.031666696197680096,-9.967279401606516,ridge_a0.1
CNE100002G76,Bank Of Jiangsu Co Ltd Class A,600919,CHN,Financial Services,Aug-26,0.015555220581753215,0.01497595970803234,0.008574020052467298,0.013043969192012323,0.0294492465155864,-8.467240649926206,ridge_a0.1
00780|CHN,Tongcheng Travel Holdings Ltd,00780,CHN,Consumer Cyclical,Aug-26,0.015685599606616397,0.01491804106373117,0.008066373384606241,0.013198576743864383,0.03092127886435583,-9.579117952441429,ridge_a0.1
01193|CHN,China Resources Gas Group Ltd,01193,CHN,Utilities,Aug-26,0.015555220581753215,0.014833240805392486,0.00832423450595724,0.01273879702794357,0.031862732291266876,-9.339535663048737,ridge_a0.1
00384|CHN,China Gas Holdings Ltd,00384,CHN,Utilities,Aug-26,0.016046649213929818,0.014828280762570133,0.00845876272547184,0.01318366928650795,0.029308085380538595,-12.145399645915337,ridge_a0.1
HK0392044647,Beijing Enterprises Holdings Ltd,00392,CHN,Industrials,Aug-26,0.015745774541168628,0.014797570747725386,0.007804616342773996,0.012640363776928187,0.027499756190583424,-10.65207678678065,ridge_a0.1
CNE100005VF9,Yuanjie Semiconductor Technology Co Ltd Class A,688498,CHN,Technology,Aug-26,0.01404081806218859,0.014768430582981558,0.008119999269491569,0.01299391103530609,0.031220889376083718,0.0,naive (no feature history)
KR7034220004,LG Display Co Ltd,034220,KOR,Technology,Aug-26,0.015575278893270627,0.014761738911945273,0.008471737962909669,0.012962547344268606,0.03253160057943395,-9.892746234313327,ridge_a0.1
CNE100001RQ3,Muyuan Foods Group Co Ltd Class A,002714,CHN,Consumer Defensive,Aug-26,0.015705657918133806,0.014735203736801171,0.008162809320813359,0.012981106000853091,0.03137181334158481,-10.80139200391681,ridge_a0.1
SG9999015267,BOC Aviation Ltd Shs Unitary 144A/Reg S,02588,CHN,Industrials,Aug-26,0.015836036942996984,0.014724806750419697,0.008120154014735625,0.01274262217891452,0.029846837822646053,-11.598188717409826,ridge_a0.1
INE726G01019,ICICI Prudential Life Insurance Co Ltd,540133,IND,Financial Services,Aug-26,0.015404783245372625,0.01472163674174778,0.008290371923814727,0.012929237597327874,0.03160224452881551,-9.142962665006232,ridge_a0.1
TH0128010R17,Minor International PCL Units Non-Voting Depository Receipt,MINT-R,THA,Consumer Cyclical,Aug-26,0.015424841556890034,0.014553059661989479,0.007908184473915553,0.01269009955682839,0.03015336358876814,-10.300160903915357,ridge_a0.1
CNE1000000D4,Weichai Power Co Ltd Class A,000338,CHN,Consumer Cyclical,Aug-26,0.015274404220509444,0.014532614371249116,0.008079097854011365,0.012499395627765409,0.028915828892355933,-9.543967360108356,ridge_a0.1
00151|CHN,Want Want China Holdings Ltd,00151,CHN,Consumer Defensive,Aug-26,0.015224258441715915,0.014326064853139848,0.008006092460118328,0.012339789572295874,0.0280550892197064,-10.535893070365429,ridge_a0.1
CNE1000018M7,Sungrow Power Supply Co Ltd Class A,300274,CHN,Industrials,Aug-26,0.014712771498021901,0.014265034920817328,0.0075310618654242665,0.012232790563801338,0.031775837935376146,-7.820061299294048,ridge_a0.1
02228|CHN,XtalPi Holdings Ltd,02228,CHN,Healthcare,Aug-26,0.013559418585770694,0.014262084391565049,0.008175214813087004,0.012204672755146688,0.025618001350265936,0.0,naive (no feature history)
AC|PHL,Ayala Corp,AC,PHL,Industrials,Aug-26,0.014983558703506965,0.014219372179207112,0.00758973642493653,0.012328587399640198,0.029106346034946894,-9.775701550689602,ridge_a0.1
CNE0000016L5,BOE Technology Group Co Ltd Class A,000725,CHN,Technology,Aug-26,0.01509387941685273,0.01416386356780617,0.007804456689773117,0.011972880538144062,0.03170629436432727,-10.78478538536969,ridge_a0.1
INE016A01026,Dabur India Ltd,500096,IND,Consumer Defensive,Aug-26,0.014552305005882603,0.013730055237588253,0.00798205480803632,0.011825097192513682,0.027483723978228382,-10.29873623254958,ridge_a0.1
BRCPFEACNOR0,CPFL Energia SA,CPFE3,BRA,Utilities,Aug-26,0.01399067228339506,0.01363080474389241,0.007614799699048335,0.011683018094512398,0.030359811288293456,-7.372279010893035,ridge_a0.1
CNE1000007Z2,China Railway Group Ltd Class H,00390,CHN,Industrials,Aug-26,0.014672654874987076,0.013572764449694682,0.007685972005027376,0.011810101001493272,0.02801692126624506,-12.053679187903409,ridge_a0.1
CNE100002Q09,Hangzhou Chang Chuan Technology Co Ltd Class A,300604,CHN,Technology,Aug-26,0.01289749430569609,0.013565858378367348,0.007423478547388076,0.011845154827407674,0.02854517352605501,0.0,naive (no feature history)
ID1000058407,PT United Tractors Tbk,UNTR,IDN,Basic Materials,Aug-26,0.014361751046467185,0.01356229267396453,0.0071623625101464704,0.011931918934181364,0.02754145836138323,-10.219135291670439,ridge_a0.1
CNE100000HD4,China Longyuan Power Group Corp Ltd Class H,00916,CHN,Utilities,Aug-26,0.01419125539856918,0.013371530108839362,0.007433203629083461,0.011592773894598143,0.026904960616659156,-10.418494602355093,ridge_a0.1
00960|CHN,Longfor Group Holdings Ltd,00960,CHN,Real Estate,Aug-26,0.014702742342263193,0.01331883911040256,0.007400362749004616,0.011501552968469313,0.024230102922735922,-13.875623247313811,ridge_a0.1
CNE000000YM1,China Jushi Co Ltd Class A,600176,CHN,Basic Materials,Aug-26,0.012927581772972208,0.013260777446189012,0.007067043640991268,0.01151390332566967,0.025459912204391373,-2.4763923143415747,ridge_a0.1
CNE100005998,Piotech Inc Class A,688072,CHN,Technology,Aug-26,0.01336886462635528,0.013218976288207314,0.007459051158705931,0.011528814674452069,0.02837809935757748,-5.9927466659582045,ridge_a0.1
CNE100001YW7,Lens Technology Co Ltd Class A,300433,CHN,Technology,Aug-26,0.013629622676081636,0.01318640721943051,0.007486969726697211,0.011609116698537068,0.026024727250084964,-8.018451555836592,ridge_a0.1
SA15DHKGHBH4,Saudi Tadawul Group Holding Co Ordinary Shares,1111,SAU,Financial Services,Aug-26,0.013810147479738346,0.013152198143086186,0.007382334284265094,0.011395207749732038,0.028028553046565208,-9.45633026174311,ridge_a0.1
QA0001200771,Qatar Fuel QSC,QFLS,QAT,Energy,Aug-26,0.013749972545186112,0.012981824796845417,0.007035410074480934,0.011361868034123358,0.024779762810790917,-10.238112048959954,ridge_a0.1
CNE1000002N9,China National Building Material Co Ltd Class H,03323,CHN,Basic Materials,Aug-26,0.013659710143357756,0.01297437578649876,0.007313283195889956,0.011241486631744995,0.026709958885026457,-9.696817808759251,ridge_a0.1
QA000B982PM1,Dukhan Bank QPSC,DUBK,QAT,Financial Services,Aug-26,0.014060876373706,0.012932073187267818,0.007321604763350501,0.011368057752157563,0.026592765415954966,-12.559258894994658,ridge_a0.1
01908|CHN,C&D International Investment Group Ltd,01908,CHN,Real Estate,Aug-26,0.013970613971877644,0.012626296945230283,0.0071341792496697285,0.010908498010336772,0.02622669474211247,-14.075191657661032,ridge_a0.1
QA000VSUG130,Mesaieed Petrochemical Holding Company QSC,MPHC,QAT,Basic Materials,Aug-26,0.0137299142336687,0.012557605723315055,0.0067846071133238406,0.010892556480879348,0.02370060920955598,-13.04449437557179,ridge_a0.1
CNE000001FQ9,Hengtong Optic-Electric Co Ltd Class A,600487,CHN,Technology,Aug-26,0.01245621145231302,0.012537719318795562,0.006712968523131659,0.01076140024565084,0.025271553123769143,-4.304693684943961,ridge_a0.1
01044|CHN,Hengan International Group Co Ltd,01044,CHN,Consumer Defensive,Aug-26,0.013449097872424926,0.012438254881077842,0.00701873478162056,0.010887806715504326,0.02523190029316858,-12.07257317254999,ridge_a0.1
CNE100003G67,Shenzhen Mindray Bio-Medical Electronics Co Ltd Class A,300760,CHN,Healthcare,Aug-26,0.013288631380285628,0.012359251638215132,0.007067831015148675,0.010578192821800114,0.025546715163382264,-11.576034797685827,ridge_a0.1
SA12C051UH11,Mouwasat Medical Services Co,4002,SAU,Healthcare,Aug-26,0.013649680987599049,0.012349437960883919,0.007047752947578348,0.010775070500544447,0.0267187008312444,-13.983303916455336,ridge_a0.1
CNE1000002P4,China Oilfield Services Ltd Class H,02883,CHN,Energy,Aug-26,0.01336886462635528,0.012314514166400755,0.00652376033817004,0.01046171640644015,0.026188800870647344,-12.42486349270265,ridge_a0.1
INE006I01046,Astral Ltd,ASTRAL,IND,Industrials,Aug-26,0.01294764008448962,0.012235361614161555,0.007140853678311049,0.010938066609334126,0.025350461267634346,-10.156997616938071,ridge_a0.1
CNE100003LF5,Ningxia Baofeng Energy Group Co Ltd Class A,600989,CHN,Basic Materials,Aug-26,0.012877435994178678,0.01221237957029017,0.006769178830250239,0.010691765214872428,0.027713973413941037,-9.836874105368745,ridge_a0.1
02026|CHN,Pony AI Inc Class A Ordinary Shares,02026,CHN,Technology,Aug-26,0.011593704057064292,0.012194504109947631,0.0065782621401585285,0.010653261229683797,0.023367591477717876,0.0,naive (no feature history)
CNE100005K10,Shenzhen Longsys Electronics Co Ltd Class A,301308,CHN,Technology,Aug-26,0.01157364574554688,0.012173406351971942,0.007037056146121342,0.010589237016256962,0.026284332675326653,0.0,naive (no feature history)
CNE000001G38,NARI Technology Co Ltd Class A,600406,CHN,Industrials,Aug-26,0.013118135732387624,0.012144128942793722,0.0067177449588380405,0.010546650035380585,0.02578985455828903,-11.985887215681249,ridge_a0.1
CNE100003GF5,Avary Holding (Shenzhen) Co Ltd Class A,002938,CHN,Technology,Aug-26,0.0125865904771762,0.012048237821675222,0.006660617923113423,0.010558781580844267,0.02600019320285482,-8.993273025450268,ridge_a0.1
QA0006929812,Nebras Energy,QEWS,QAT,Utilities,Aug-26,0.012837319371143853,0.012027881872033118,0.006621498366314454,0.010457348200536093,0.02299962727459985,-10.921504328997592,ridge_a0.1
CNE100000F46,China State Construction Engineering Corp Ltd Class A,601668,CHN,Industrials,Aug-26,0.012827290215385145,0.01200373515272452,0.006715183302915085,0.010550728191974936,0.025722850099200334,-11.030827771466074,ridge_a0.1
CNE100000JG3,Hithink RoyalFlush Information Network Co Ltd Class A,300033,CHN,Financial Services,Aug-26,0.013037902486317976,0.011971316391902048,0.006656928314499538,0.01047414444816612,0.024607759234352974,-12.704421697704515,ridge_a0.1
BREGIEACNOR9,ENGIE Brasil Energia SA,EGIE3,BRA,Utilities,Aug-26,0.012807231903867736,0.011904290391596887,0.006918974825812802,0.010354375811599622,0.025274094149245724,-11.629704980118646,ridge_a0.1
SA55SG6H5716,Ades Holding Co,2382,SAU,Energy,Aug-26,0.013047931642076684,0.011853807459657896,0.006691406106907098,0.01050311918419285,0.024169587843768423,-13.627744283958037,ridge_a0.1
CNE1000022N7,China National Nuclear Power Co Ltd Class A,601985,CHN,Utilities,Aug-26,0.012275686648656307,0.011744607388085906,0.006827027097534129,0.010197920792178117,0.025370425179181436,-9.03993225267321,ridge_a0.1
CNE0000006M4,China Tungsten And Hightech Materials Co Ltd Class A,000657,CHN,Basic Materials,Aug-26,0.011162450359439928,0.01174090231347034,0.006480726945235954,0.010176448309787534,0.023663405892503202,0.0,naive (no feature history)
SA15T1L22JH8,SAL Saudi Logistics Services Co,4263,SAU,Industrials,Aug-26,0.013088048265111505,0.011632725194957826,0.006660350367198957,0.010228163674661114,0.02331682680271106,-15.498455552420465,ridge_a0.1
LEGN|USA,Legend Biotech Corp ADR,LEGN,USA,Healthcare,Aug-26,0.011824374639514534,0.011123406001890218,0.006216017258877554,0.009564568570767751,0.021114760881840073,-10.562907210347786,ridge_a0.1
CNE100000F87,Accelink Technologies Co Ltd Class A,002281,CHN,Technology,Aug-26,0.01048046776784791,0.011023578542296948,0.006126752189726359,0.009689072275827429,0.024301992147874943,0.0,naive (no feature history)
CNE100000LQ8,Huatai Securities Co Ltd Class A,601688,CHN,Financial Services,Aug-26,0.011824374639514534,0.011006090914834777,0.0061315965595702,0.009787971616591552,0.02328939264265896,-11.506172279052505,ridge_a0.1
CNE000001PQ8,China Merchants Energy Shipping Co Ltd Class A,601872,CHN,Energy,Aug-26,0.011272771072785695,0.01099416036454668,0.0058988873088557684,0.00967715293494736,0.02372503183444111,-7.276579109578288,ridge_a0.1
01585|CHN,Yadea Group Holdings Ltd Shs Unitary 144A/RegS,01585,CHN,Consumer Cyclical,Aug-26,0.011663908147375236,0.010893140029280499,0.006081551957512377,0.009524379285117898,0.023219744370060552,-11.209385553005779,ridge_a0.1
CNE000000SW2,Qinghai Salt Lake Industry Co Ltd Class A,000792,CHN,Basic Materials,Aug-26,0.011172479515198635,0.01079299006548796,0.0058225035720717855,0.009220241823109362,0.020268623229804498,-8.156108647971427,ridge_a0.1
CNE100000HK9,"China Merchants Securities Asset Management Co.,Ltd Class A",600999,CHN,Financial Services,Aug-26,0.011302858540061815,0.010768521233952612,0.005949692650549601,0.009590045742536989,0.02228894709123814,-9.421350251418517,ridge_a0.1
CNE1000036B2,Yangtze Optical Fibre and Cable Joint Stock Ltd Co Class A,601869,CHN,Technology,Aug-26,0.01019965140660414,0.01072820993063732,0.006016697109158391,0.009313448034640386,0.022418805746830445,0.0,naive (no feature history)
CNE000000JP5,Inner Mongolia Yili Industrial Group Co Ltd Class A,600887,CHN,Consumer Defensive,Aug-26,0.01149341249947723,0.010637635951414358,0.005807296647684123,0.009201934668625136,0.021337687633217473,-12.005769950885663,ridge_a0.1
CNE0000018G1,China Petroleum & Chemical Corp Class A,600028,CHN,Energy,Aug-26,0.011042100490335455,0.010482064728474759,0.005744807314965137,0.008546806441634061,0.01921657881176637,-9.7487536932089,ridge_a0.1
TEL|PHL,PLDT Inc,TEL,PHL,Communication Services,Aug-26,0.01141317925340758,0.010462275459004229,0.005701067165784575,0.008685151094009136,0.018173563339160877,-12.84795585549961,ridge_a0.1
MER|PHL,Manila Electric Co,MER,PHL,Utilities,Aug-26,0.010801400752126508,0.010447724072104212,0.00582771727214531,0.008658576672225957,0.019374600727790896,-8.039847965496458,ridge_a0.1
INE787D01026,Balkrishna Industries Ltd,BALKRISIND,IND,Consumer Cyclical,Aug-26,0.010630905104228504,0.010443664224010907,0.005741191201946768,0.008470474234142602,0.01909413027074377,-6.601322944060839,ridge_a0.1
EGS691S1C011,Talaat Moustafa Group Holding,TMGH,EGY,Real Estate,Aug-26,0.010701109194539446,0.0104286621382534,0.005985962621849408,0.00865596726380085,0.01965988918211118,-7.347345170620559,ridge_a0.1
01882|CHN,Haitian International Holdings Ltd,01882,CHN,Industrials,Aug-26,0.011162450359439928,0.010417931144582471,0.005881008561624748,0.008589938246442263,0.01828573143066113,-11.26805362625344,ridge_a0.1
KR7032640005,LG Uplus Corp,032640,KOR,Communication Services,Aug-26,0.010590788481193679,0.010382763319866775,0.005934580173866224,0.008455339866833757,0.0180828143354736,-6.794245662952017,ridge_a0.1
06186|CHN,China Feihe Ltd Ordinary Shares,06186,CHN,Consumer Defensive,Aug-26,0.010791371596367802,0.01018737094689156,0.005537669300842194,0.008220872678985167,0.01745179197326745,-10.248123274035857,ridge_a0.1
02367|CHN,Giant Biogene Holding Co Ltd Ordinary Shares,02367,CHN,Consumer Defensive,Aug-26,0.011774228860721003,0.010149261928950484,0.005729892808569235,0.00817285183638224,0.017128948801738056,-18.047906259203966,ridge_a0.1
00968|CHN,Xinyi Solar Holdings Ltd,00968,CHN,Technology,Aug-26,0.011172479515198635,0.01013248826607855,0.005722507195936725,0.00837315765077481,0.018684970122043846,-13.776706381750085,ridge_a0.1
CNE0000008L2,GF Securities Co Ltd Class A,000776,CHN,Financial Services,Aug-26,0.011152421203681222,0.010127239206387839,0.00575565231126537,0.008264118265049816,0.0170895761325984,-13.666376184217516,ridge_a0.1
CNE100001SL2,Foshan Haitian Flavouring and Food Co Ltd Class A,603288,CHN,Consumer Defensive,Aug-26,0.011022042178818041,0.010096590830637618,0.0054182123932572735,0.00831510661660521,0.01793249508125407,-12.909506023405667,ridge_a0.1
CNE000000T18,China Northern Rare Earth (Group) High-Tech Co Ltd Class A,600111,CHN,Basic Materials,Aug-26,0.010500526079365323,0.01008356171595738,0.005608323897079677,0.008207141254444236,0.01724060865196954,-8.702062044964862,ridge_a0.1
CNE100005ZD5,Skyverse Technology Co Ltd Ordinary Shares - Class A,688361,CHN,Technology,Aug-26,0.009347173167114118,0.00983155521667058,0.0053691874361463535,0.00801368270148367,0.017503057677829278,0.0,naive (no feature history)
CNE100003PZ4,Postal Savings Bank Of China Co Ltd Class A,601658,CHN,Financial Services,Aug-26,0.01056070101391756,0.009830870472407398,0.005450790738598973,0.008031258785349313,0.01624860974379412,-11.497142598937243,ridge_a0.1
CNE100000L63,SF Holding Co Ltd Class A,002352,CHN,Industrials,Aug-26,0.010731196661815564,0.009735956478587743,0.005521899288752822,0.00804066228306336,0.0182248833849402,-13.744154645920476,ridge_a0.1
CNE100000L55,Yantai Jereh Oilfield Services Group Co Ltd Class A,002353,CHN,Energy,Aug-26,0.009908805889601661,0.009727977594295873,0.00542838950567976,0.008125661983191524,0.01703181115373936,-6.6618246387897955,ridge_a0.1
CNE000001F70,Sany Heavy Industry Co Ltd Class A,600031,CHN,Industrials,Aug-26,0.010610846792711091,0.009694300311480861,0.005407369513066921,0.00786399129806584,0.01774156854589383,-13.139066745307836,ridge_a0.1
09896|CHN,MINISO Group Holding Ltd,09896,CHN,Consumer Cyclical,Aug-26,0.01043032198905438,0.009692854619969537,0.005504650382625159,0.008029153841992563,0.017218995439666117,-11.648882028683168,ridge_a0.1
CNE1000019R4,Jiangsu Hengli Hydraulic Co Ltd Class A,601100,CHN,Industrials,Aug-26,0.009948922512636486,0.009689055479959692,0.005329096891562739,0.00792373180568743,0.01771968784787403,-7.410133006472383,ridge_a0.1
CNE000000WV6,Yankuang Energy Group Co Ltd Class A,600188,CHN,Energy,Aug-26,0.01001912660294743,0.009568801367442072,0.00535487256265872,0.007969402261658935,0.017574722747293648,-9.200022502609688,ridge_a0.1
CNE000001F05,JCET Group Co Ltd Class A,600584,CHN,Technology,Aug-26,0.009838601799290718,0.009550165717020451,0.005515446778030547,0.007971053006786175,0.016973744486177382,-7.7140494268164055,ridge_a0.1
CNE000001FM8,Zhongjin Gold Corp Ltd Class A,600489,CHN,Basic Materials,Aug-26,0.00949761050349471,0.009540763099913675,0.005211416961769781,0.008048323040952566,0.019238295194216267,-4.494842968922827,ridge_a0.1
CNE000000DH5,Shanxi Xinghuacun Fen Wine Factory Co Ltd Class A,600809,CHN,Consumer Defensive,Aug-26,0.010450380300571794,0.009520183960781824,0.005268354886454743,0.007866701120970022,0.01698600002852323,-13.389347361563308,ridge_a0.1
CNE100000W60,Rongsheng Petro Chemical Co Ltd Class A,002493,CHN,Basic Materials,Aug-26,0.010129447316293196,0.009451466591708285,0.005251566955356146,0.007788716958345145,0.017643020432282396,-11.290216473748094,ridge_a0.1
CNE100004173,Sharetronic Data Technology Co Ltd Class A,300857,CHN,Technology,Aug-26,0.00887580284645493,0.009335757904241916,0.0053645004643959665,0.007642803232356749,0.016461322463847548,0.0,naive (no feature history)
CNE100000627,Bank Of Nanjing Co Ltd Class A,601009,CHN,Financial Services,Aug-26,0.009968980824153898,0.009324010347732302,0.005210755250660738,0.00767720281587884,0.01753907109940635,-11.077830060011937,ridge_a0.1
CNE100005QL7,Hwatsing Technology Co Ltd Class A,688120,CHN,Technology,Aug-26,0.00949761050349471,0.009232542063435413,0.005151294101778309,0.007543017267653081,0.015517342591733443,-7.580203980496888,ridge_a0.1
CNE100000CP9,CRRC Corp Ltd Class A,601766,CHN,Industrials,Aug-26,0.009617960372599184,0.009085184609140541,0.0052195313524128345,0.007564800441715234,0.01593014032573937,-10.193279167345024,ridge_a0.1
HK2380027329,China Power International Development Ltd,02380,CHN,Utilities,Aug-26,0.009688164462910126,0.009052496477079787,0.00511566097613951,0.007286352339118696,0.01605665748088379,-11.164832051767238,ridge_a0.1
CNE000000TK5,ZTE Corp Class A,000063,CHN,Technology,Aug-26,0.009567814593805651,0.009038288798017373,0.005112550027351839,0.007439123530646161,0.016910876015453057,-10.188587019792324,ridge_a0.1
CNE1000000T0,Aluminum Corp of China Ltd Class A,601600,CHN,Basic Materials,Aug-26,0.009427406413183768,0.009031708830568782,0.00528818262524267,0.007490266851883974,0.016966740334753695,-8.917327664334316,ridge_a0.1
CNE100000SL4,China Everbright Bank Co Ltd Class A,601818,CHN,Financial Services,Aug-26,0.009668106151392714,0.00901951647254235,0.004910879144939336,0.007400665873636426,0.017306430808036975,-11.304841971253822,ridge_a0.1
CNE1000019Y0,New China Life Insurance Co Ltd Class A,601336,CHN,Financial Services,Aug-26,0.009347173167114118,0.00895844844595971,0.005031248416867314,0.007328393450400645,0.016339212547041924,-8.880657754232148,ridge_a0.1
CNE000000L08,Zangge Mining Co Ltd Class A,000408,CHN,Basic Materials,Aug-26,0.009136560896181289,0.008947633808814652,0.005013641002874952,0.007376763251516462,0.01632399972447124,-6.892746793966634,ridge_a0.1
CNE100002FM5,Bank of Shanghai Co Ltd Class A,601229,CHN,Financial Services,Aug-26,0.009387289790148943,0.008926398032938437,0.004828662405828755,0.007294003338890057,0.01613634019031674,-9.594658862042719,ridge_a0.1
CNE000000CG9,Haier Smart Home Co Ltd Class A,600690,CHN,Consumer Cyclical,Aug-26,0.009507639659253418,0.008833282112696728,0.004966293032572056,0.0073115569260658545,0.016262942403335104,-11.670158066146717,ridge_a0.1
ID1000117708,PT Charoen Pokphand Indonesia Tbk,CPIN,IDN,Consumer Defensive,Aug-26,0.009467523036218593,0.008812225111114408,0.004746644460055881,0.007386556679928457,0.017949079721656446,-11.50733420458586,ridge_a0.1
KR70126Z0002,Samsung Epis Holdings Co Ltd,0126Z0,KOR,Healthcare,Aug-26,0.008344257591243505,0.008776667317886185,0.004983937943592898,0.007178765372210011,0.0148041699166836,0.0,naive (no feature history)
CNE000001FR7,Shandong Gold Mining Co Ltd Class A,600547,CHN,Basic Materials,Aug-26,0.009076385961629053,0.008421229578112326,0.004814821536362528,0.006847945734388174,0.015248737557196345,-11.789432186247542,ridge_a0.1
CNE100005VN3,Biwin Storage Technology Co Ltd Class A,688525,CHN,Technology,Aug-26,0.008003266295447495,0.008418005432299487,0.004764016824875346,0.00685331347535968,0.015866818621650427,0.0,naive (no feature history)
SA15CIBJGH12,Arabian Internet and Communications Services Co Ordinary Shares,7202,SAU,Communication Services,Aug-26,0.008655161419763394,0.008355036148983419,0.0047827892494657935,0.006944435103604166,0.015249910757267846,-8.223555819927755,ridge_a0.1
CNE100006M90,Hua Hong Grace Semiconductor Ltd Ordinary Shares - Class A,688347,CHN,Technology,Aug-26,0.007933062205136553,0.008344163279384581,0.004776476954526138,0.006780875580003318,0.015309468398488587,0.0,naive (no feature history)
CNE000001CS2,China United Network Communications Ltd Class A,600050,CHN,Communication Services,Aug-26,0.008946006936765874,0.008272848417111001,0.004668562891963181,0.006901521212490193,0.01577539626405134,-12.080764677997385,ridge_a0.1
CNE000000230,Fuyao Glass Industry Group Co Ltd Class A,600660,CHN,Consumer Cyclical,Aug-26,0.008594986485211157,0.008212947444738383,0.004683273373797087,0.006733442801524555,0.01528452935530956,-9.152723639045298,ridge_a0.1
CNE0000015R4,Baoshan Iron & Steel Co Ltd Class A,600019,CHN,Basic Materials,Aug-26,0.00879556960038528,0.00815092970930204,0.004439054027480954,0.006773145963329728,0.014387297444430864,-11.894860275483609,ridge_a0.1
CNE1000015R2,Zhejiang Century Huatong Group Co Ltd Class A,002602,CHN,Communication Services,Aug-26,0.0077324790899624294,0.0081331856996277,0.00460738522965324,0.006705902563280974,0.014800612758348965,0.0,naive (no feature history)
CNE100002GQ4,Bank Of Hangzhou Co Ltd Class A,600926,CHN,Financial Services,Aug-26,0.008594986485211157,0.008115019246189552,0.004367410427920655,0.006735523568282999,0.015148531291071285,-10.235953524169625,ridge_a0.1
CNE0000015Y0,China Minsheng Banking Corp Ltd Class A,600016,CHN,Financial Services,Aug-26,0.008655161419763394,0.008093773322344542,0.004592898514656567,0.006677218882926288,0.014275144878182766,-11.09341452523905,ridge_a0.1
CNE0000012M2,IEIT Systems Co Ltd Class A,000977,CHN,Technology,Aug-26,0.008274053500932561,0.008082406221160288,0.004502449830251517,0.006631753829021233,0.014003886120972683,-7.128937236475369,ridge_a0.1
CNE1000031T5,China Securities Co Ltd Class A,601066,CHN,Financial Services,Aug-26,0.00869527804279822,0.008080395007353377,0.004539185107225718,0.006758629822691325,0.014304546968228663,-11.64987183844763,ridge_a0.1
CNE000001CW4,Jiangsu Zhongtian Technology Co Ltd Class A,600522,CHN,Industrials,Aug-26,0.008334228435484798,0.008031101483068582,0.004562816094216658,0.0065997184926414485,0.01503461229374516,-8.384748175067202,ridge_a0.1
CNE1000052S3,Ningbo Deye Technology Corp Class A,605117,CHN,Industrials,Aug-26,0.00861504479672857,0.007873284612424647,0.00450824507648954,0.0064577320732422125,0.014438476567634955,-13.112664968827174,ridge_a0.1
CNE000000WQ6,Zhejiang Juhua Co Ltd Class A,600160,CHN,Basic Materials,Aug-26,0.008083499541517145,0.007863331317757731,0.004340269530852549,0.006328251926858068,0.013725092773371982,-7.51629436636099,ridge_a0.1
CNE000001303,Huagong Tech Co Ltd Class A,000988,CHN,Industrials,Aug-26,0.00783277064754949,0.007791582652153841,0.00448230538751685,0.006491094590336993,0.013646151594154837,-5.426744774560207,ridge_a0.1
CNE0000018V0,Hengli Petrochemical Co Ltd Class A,600346,CHN,Basic Materials,Aug-26,0.00835428674700221,0.007783503461946622,0.004222312566995442,0.006335468745816284,0.014481922715801064,-11.422419938688508,ridge_a0.1
CNE100001Z58,Range Intelligent Computing Technology Group Co Ltd Class A,300442,CHN,Technology,Aug-26,0.007461691884477364,0.007475252417835743,0.004135663051066776,0.006106050112514403,0.014488759711674334,-4.754028426950205,ridge_a0.1
CNE100002FZ7,Shenzhen Kinwong Electronic Co Ltd Class A,603228,CHN,Technology,Aug-26,0.007080583965646531,0.007447508565417843,0.004292374042324576,0.006231105163287278,0.013976775820713399,0.0,naive (no feature history)
CNE000000BL1,Guangdong HEC Technology Holding Co Ltd Class A,600673,CHN,Technology,Aug-26,0.007070554809887825,0.007436959686429999,0.004109898389743631,0.005986591921815498,0.012629448797570149,0.0,naive (no feature history)
CNE100000GS4,EVE Energy Co Ltd Class A,300014,CHN,Industrials,Aug-26,0.008033353762723613,0.007421874892218932,0.004064783486309726,0.006033463859363152,0.014244504146242357,-12.163544352113549,ridge_a0.1
CNE100006DD0,Suzhou Centec Communications Co Ltd Class A Shares,688702,CHN,Technology,Aug-26,0.0070103798753355885,0.0073736664125029355,0.004274471619197143,0.006164693965702607,0.014150293841838489,0.0,naive (no feature history)
CNE000000GF2,Luzhou Laojiao Co Ltd Class A,000568,CHN,Consumer Defensive,Aug-26,0.008153703631828088,0.00737307169226791,0.004068527816173917,0.006067631760124789,0.013310775130511232,-14.029074732690644,ridge_a0.1
CNE100004413,VeriSilicon Microelectronics Shanghai Co Ltd Class A,688521,CHN,Technology,Aug-26,0.00698029240805947,0.0073420197755394035,0.003989457813312118,0.006002096567449376,0.013140506109591105,0.0,naive (no feature history)
CNE100003PM2,Beijing Kingsoft Office Software Inc Class A,688111,CHN,Technology,Aug-26,0.007983207983930084,0.007336285217727187,0.004207390616691243,0.006034260352110731,0.01388893194372287,-12.631107756963948,ridge_a0.1
CNE100005GP9,Shenzhen Techwinsemi Technology Co Ltd Class A,001309,CHN,Technology,Aug-26,0.006890030006231115,0.0072470798646488074,0.004030401801890881,0.005996065790592635,0.013200231448835866,0.0,naive (no feature history)
CNE100002FD4,Shenwan Hongyuan Group Co Ltd Class A,000166,CHN,Financial Services,Aug-26,0.0077023916226863125,0.0071715056943059356,0.004042811194410338,0.005919308181128233,0.013581184724014535,-11.479712202392264,ridge_a0.1
CNE1000000R4,China Citic Bank Corp Ltd Class A,601998,CHN,Financial Services,Aug-26,0.006809796760161466,0.0071626888327460565,0.003961235990362054,0.005834544437253036,0.013040295644326811,0.0,naive (no feature history)
CNE0000017H1,Inner Mongolian Baotou Steel Union Co Ltd Class A,600010,CHN,Basic Materials,Aug-26,0.007642216688134074,0.007158869525891368,0.004033390331558803,0.005961153171609838,0.012168402817850582,-10.939902634949114,ridge_a0.1
CNE000000VG9,Yunnan Aluminium Co Ltd Class A,000807,CHN,Basic Materials,Aug-26,0.007401516949925128,0.0071076048953161285,0.00400365454048147,0.0057872298461714615,0.01219589720725694,-8.702138366920584,ridge_a0.1
EGS37091C013,Eastern Co SAE,EAST,EGY,Consumer Defensive,Aug-26,0.007441633572959953,0.007097674412551134,0.0039032698012195165,0.005833623417479108,0.01231673372266034,-9.321180480209312,ridge_a0.1
CNE0000019P0,Jiangxi Copper Co Ltd Class A,600362,CHN,Basic Materials,Aug-26,0.007461691884477364,0.0070793105562599054,0.003879645911095656,0.005791197275858317,0.012966043188106235,-9.798923928037683,ridge_a0.1
CNE100000734,Bank Of Beijing Co Ltd Class A,601169,CHN,Financial Services,Aug-26,0.00747172104023607,0.0069865509005691715,0.003972446454286301,0.005761333259179247,0.012154541834593567,-11.100310443303005,ridge_a0.1
CNE100005428,Shengyi Electronics Co Ltd Class A,688183,CHN,Technology,Aug-26,0.006639301112263462,0.006983357889952709,0.0038922086406337026,0.005779924195493607,0.01313102091139486,0.0,naive (no feature history)
CNE000001P78,Sinoma Science & Technology Co Ltd Class A,002080,CHN,Basic Materials,Aug-26,0.0065791261777112245,0.006920064616025645,0.0038322804176788897,0.005721703274267253,0.01248141682137212,0.0,naive (no feature history)
CNE000001Q93,China Life Insurance Co Ltd Class A,601628,CHN,Financial Services,Aug-26,0.007251079613544537,0.006879678260801741,0.004004785344492783,0.00566543029713861,0.011948225826241058,-9.796472662169501,ridge_a0.1
CNE0000010T1,Unisplendour Corp Ltd Class A,000938,CHN,Technology,Aug-26,0.007090613121405237,0.0068570097226270926,0.003790497391340578,0.005612717984049557,0.012701080851469985,-8.059038513164602,ridge_a0.1
CNE100003JT0,RoboTechnik Intelligent Technology Co Ltd Class A,300757,CHN,Industrials,Aug-26,0.006508922087400282,0.006846222463110737,0.0036707647068992544,0.005653888015286434,0.013499332645877361,0.0,naive (no feature history)
CNE000001GL8,TCL Technology Group Corp Class A,000100,CHN,Technology,Aug-26,0.007281167080820654,0.006844100465741135,0.0039388801755976055,0.005706319405047842,0.01150970634458062,-10.633768397514105,ridge_a0.1
CNE000001D15,Xiamen Tungsten Co Ltd Class A,600549,CHN,Basic Materials,Aug-26,0.0064587763086067515,0.006793478068171517,0.003707065820170511,0.005714485380941823,0.01286038987587247,0.0,naive (no feature history)
CNE000000RB8,TBEA Co Ltd Class A,600089,CHN,Industrials,Aug-26,0.007241050457785829,0.006790605848186646,0.003818412944187731,0.0056798079817851985,0.012522087215847818,-10.841035633128113,ridge_a0.1
CNE100002XM8,OmniVision Integrated Circuits Group Inc Class A,603501,CHN,Technology,Aug-26,0.007241050457785829,0.006788743310983849,0.0038220593767945665,0.005507195157907201,0.012050150683325085,-10.865490282950052,ridge_a0.1
CNE100004ZD8,ACM Research (Shanghai) Inc Class A,688082,CHN,Technology,Aug-26,0.006428688841330633,0.006761831431207985,0.003738147314293616,0.005626122941304447,0.013719951608855153,0.0,naive (no feature history)
CNE100000G29,China Tourism Group Duty Free Corp Ltd Class A,601888,CHN,Consumer Cyclical,Aug-26,0.007261108769303241,0.006760120225492622,0.0037835308551971967,0.0055501189013404655,0.012397328895870733,-11.486494037370079,ridge_a0.1
CNE0000001D4,Gree Electric Appliances Inc of Zhuhai Class A,000651,CHN,Consumer Cyclical,Aug-26,0.0070504964983704125,0.006643485031047479,0.0037753584401894937,0.0055697101636905735,0.012323801304323595,-10.415200618059748,ridge_a0.1
CNE100000619,Western Mining Co Ltd Class A,601168,CHN,Basic Materials,Aug-26,0.006819825915920171,0.006596011720877753,0.00364684219732289,0.0053885523221980204,0.011787156217014932,-8.04693799442792,ridge_a0.1
CNE100000SF6,Ganfeng Lithium Group Co Ltd Class A,002460,CHN,Basic Materials,Aug-26,0.007130729744440062,0.006505238952286016,0.0036673416635651895,0.0053433736880667765,0.012374960377095434,-13.266405990974425,ridge_a0.1
CNE000000JW1,AECC Aviation Power Co Ltd Class A,600893,CHN,Industrials,Aug-26,0.0070504964983704125,0.006492207106552941,0.0037541774254966276,0.005300127737014613,0.012498590091475184,-12.455124310733856,ridge_a0.1
CNE1000006C3,TongFu Microelectronics Co Ltd Class A,002156,CHN,Technology,Aug-26,0.006970263252300764,0.006486453100180378,0.0036443426384588098,0.0054064320066480815,0.012252441996394184,-11.525897167083402,ridge_a0.1
CNE000001H94,Chifeng Jilong Gold Mining Group Ltd Class A,600988,CHN,Basic Materials,Aug-26,0.006077668389775918,0.006392620666633446,0.003571831598864564,0.005252574564013723,0.011152356595014531,0.0,naive (no feature history)
CNE0000012K6,Jiangsu Eastern Shenghong Co Ltd Class A,000301,CHN,Basic Materials,Aug-26,0.00679976760440276,0.006390184778653415,0.003560794355699223,0.005253723687234443,0.01159952914058407,-10.653527196491927,ridge_a0.1
CNE1000015L5,Lingyi Itech (Guangdong) Co Ltd Class A,002600,CHN,Technology,Aug-26,0.006659359423780873,0.006363528077930055,0.0036336965309809663,0.00520121462354162,0.01162324989127489,-9.150283793829127,ridge_a0.1
CNE000000FH0,XCMG Construction Machinery Co Ltd Class A,000425,CHN,Industrials,Aug-26,0.00679976760440276,0.006329857170386747,0.0035310961950450535,0.005155144586563005,0.010485749599907808,-11.497017517664542,ridge_a0.1
CNE000000PC0,GD Power Development Co Ltd Class A,600795,CHN,Utilities,Aug-26,0.006789738448644053,0.006325227936229393,0.0034769336767390235,0.005218189809631504,0.011221402730828908,-11.43111009849055,ridge_a0.1
CNE100002FG7,China Galaxy Securities Co Ltd Class A,601881,CHN,Financial Services,Aug-26,0.006849913383196291,0.006320746905930848,0.0034362900392902176,0.00519604657576445,0.011852600625943465,-12.271362036871938,ridge_a0.1
CNE100001B07,Satellite Chemical Co Ltd Class A,002648,CHN,Basic Materials,Aug-26,0.006599184489228637,0.006309125670487664,0.003486339154433311,0.005192587666061942,0.01117820870930831,-9.105632017499127,ridge_a0.1
CNE100002CC3,Shenzhen Envicool Technology Co Ltd Class A,002837,CHN,Industrials,Aug-26,0.005987405987947562,0.006297680755742849,0.003522541877209589,0.005147996082380044,0.010917648048770174,0.0,naive (no feature history)
CNE100006M82,Huaqin Technology Co Ltd Class A Shares,603296,CHN,Technology,Aug-26,0.006859942538954996,0.006280076148039946,0.0034522567060263497,0.005064427105798845,0.010757791013212477,-12.963283702167855,ridge_a0.1
KR7047050000,Posco International Corp,047050,KOR,Industrials,Aug-26,0.00635848475101969,0.006261364855789775,0.0034275575594626927,0.005076485674208355,0.010845690970090058,-6.378963912038235,ridge_a0.1
CNE1000048J0,China International Capital Corp Ltd Class A,601995,CHN,Financial Services,Aug-26,0.007000350719576882,0.006227970082182652,0.003457177268628571,0.005055989208500457,0.011640327221970625,-15.41666890641808,ridge_a0.1
CNE000000529,Tongling Nonferrous Metals Group Co Ltd Class A,000630,CHN,Basic Materials,Aug-26,0.00622810572615651,0.006149629449263108,0.0035781754658065815,0.005128897791257315,0.012552714629975918,-6.124764973944888,ridge_a0.1
CNE000000JM2,SDIC Power Holdings Co Ltd Class A,600886,CHN,Utilities,Aug-26,0.006418659685571927,0.0061378532779750705,0.003497351720738499,0.005130996453353812,0.011324937021551337,-9.086114667847008,ridge_a0.1
CNE100000B81,Iflytek Co Ltd Class A,002230,CHN,Technology,Aug-26,0.006488863775882869,0.006101189209086695,0.003480244312087879,0.005029268538895792,0.011801002906360927,-10.606919687543334,ridge_a0.1
CNE1000020T8,Shannon Semiconductor Technology Co Ltd Class A,300475,CHN,Technology,Aug-26,0.00578682287277344,0.006086703175985971,0.003321459915268226,0.004951709779924841,0.010795061684678909,0.0,naive (no feature history)
CNE1000051F2,China Three Gorges Renewables (Group) Co Ltd Class A,600905,CHN,Utilities,Aug-26,0.0065791261777112245,0.006072330572426567,0.0034621033481066123,0.005000396656230672,0.010805515098920934,-12.25037757069314,ridge_a0.1
CNE100002508,Wens Foodstuff Group Co Ltd Class A,300498,CHN,Consumer Defensive,Aug-26,0.006679417735298286,0.00603535009555526,0.0032822037764973855,0.004909089079430285,0.010378039248206922,-14.094310485444222,ridge_a0.1
CNE000000D24,Inner Mongolia Xingye Silver & Tin Mining Co Ltd Class A,000426,CHN,Basic Materials,Aug-26,0.005696560470945085,0.005991763265095376,0.0032450970625323193,0.004948543928467044,0.012833245389938994,0.0,naive (no feature history)
CNE1000015Y8,Founder Securities Co Ltd Class A,601901,CHN,Financial Services,Aug-26,0.006679417735298286,0.005979128243852661,0.0033021575882243356,0.004861182355898379,0.01039337566033742,-14.894558500858235,ridge_a0.1
CNE100002PK8,Advanced Fiber Resources (Zhuhai) Ltd Class A,300620,CHN,Technology,Aug-26,0.005616327224875435,0.0059073722331926225,0.0032777711413383634,0.004831274844494337,0.01083065854566989,0.0,naive (no feature history)
CNE000001NG4,Daqin Railway Co Ltd Class A,601006,CHN,Industrials,Aug-26,0.006378543062537102,0.005888690738545541,0.003257728348162025,0.004828850805312348,0.010605654833684044,-12.228136157546178,ridge_a0.1
CNE100000D55,Shanghai Electric Group Co Ltd Class A,601727,CHN,Industrials,Aug-26,0.006208047414639098,0.005849282798698049,0.003276892415248022,0.004807520297856223,0.011245896423585347,-10.421113515362428,ridge_a0.1
CNE100002JV8,Shenzhen Megmeet Electrical Co Ltd Class A,002851,CHN,Industrials,Aug-26,0.005516035667288374,0.005801883443314183,0.003239067471076518,0.0047337833438361706,0.010770083669869921,0.0,naive (no feature history)
CNE1000060L1,Nexchip Semiconductor Corp Ordinary Shares - Class A,688249,CHN,Technology,Aug-26,0.005516035667288374,0.005801883443314183,0.0032834815220512455,0.004683458168423584,0.009923221736563646,0.0,naive (no feature history)
CNE100001FR6,LONGi Green Energy Technology Co Ltd Class A,601012,CHN,Technology,Aug-26,0.006559067866193812,0.00578408418835975,0.003164446649125499,0.004735061013161247,0.01124256633899774,-16.16013951986626,ridge_a0.1
CNE100005576,Eastroc Beverage (Group) Co Ltd Class A,605499,CHN,Consumer Defensive,Aug-26,0.00609772670129333,0.005723786090558835,0.0032280204374563236,0.004609050287110471,0.01115456795324542,-10.757134759815157,ridge_a0.1
CNE100003RK2,Rockchip Electronics Co Ltd Class A,603893,CHN,Technology,Aug-26,0.005425773265460019,0.005706943532423587,0.0031978625418560003,0.004689334365175803,0.009655496794031458,0.0,naive (no feature history)
CNE100000866,China Railway Group Ltd Class A,601390,CHN,Industrials,Aug-26,0.00609772670129333,0.005691036707402956,0.00317906099305927,0.00460602469849222,0.010292261812481706,-11.26774936725134,ridge_a0.1
CNE100004QL0,China Energy Engineering Corporation Ltd Class A,601868,CHN,Industrials,Aug-26,0.006187989103121685,0.005682611971380223,0.0032084607070860974,0.004699623065126646,0.010593748354905643,-12.691499868937,ridge_a0.1
CNE100004QD7,Shanghai Rural Commercial Bank Co Ltd Class A,601825,CHN,Financial Services,Aug-26,0.006007464299464975,0.005681440071754183,0.0030494795295178193,0.004637510059247089,0.010367380773289693,-10.086418452247495,ridge_a0.1
CNE000001FW7,Hua Xia Bank Co Ltd Class A,600015,CHN,Financial Services,Aug-26,0.005867056118843089,0.0056034878541156834,0.002974952444567464,0.0045707352683241,0.009263049584329911,-9.197823508308268,ridge_a0.1
CNE1000023J3,Ningbo Tuopu Group Co Ltd Class A,601689,CHN,Consumer Cyclical,Aug-26,0.005877085274601795,0.005590613126964383,0.0029525441937758366,0.004648790419284664,0.00919362771158102,-9.561049572190964,ridge_a0.1
CNE000001J84,Zhejiang Nhu Co Ltd Class A,002001,CHN,Healthcare,Aug-26,0.005907172741877914,0.005546735914078596,0.003030853675283558,0.004629667728309523,0.009081163224755604,-10.727872663075185,ridge_a0.1
CNE1000009Y1,Jinduicheng Molybdenum Co Ltd Class A,601958,CHN,Basic Materials,Aug-26,0.005225190150285897,0.005495965952666709,0.002933176651092826,0.004458602169530749,0.008890925037485084,0.0,naive (no feature history)
CNE100003MX6,Raytron Technology Co Ltd Class A,688002,CHN,Technology,Aug-26,0.00521516099452719,0.005485417073678864,0.0029146402348028504,0.004521894765472842,0.00922895635287808,0.0,naive (no feature history)
CNE100005PN5,Shanghai United Imaging Healthcare Co Ltd Class A,688271,CHN,Healthcare,Aug-26,0.005937260209154032,0.0053866879929866055,0.0028376603429413217,0.004416655274325745,0.009231945163817102,-13.74310830777756,ridge_a0.1
CNE1000040F5,National Silicon Industry Group Co Ltd Class A,688126,CHN,Technology,Aug-26,0.005846997807325677,0.0053840588781861615,0.002799469090471492,0.00444605310668785,0.008637999639231503,-12.454276648203653,ridge_a0.1
CNE0000012L4,Shanjin International Gold Co Ltd Class A,000975,CHN,Basic Materials,Aug-26,0.005586239757599317,0.0053706552455288735,0.0028467117283210684,0.0044742143602113146,0.008923673500266124,-8.595880498986567,ridge_a0.1
CNE1000028B9,Seres Group Co Ltd Class A,601127,CHN,Consumer Cyclical,Aug-26,0.005716618782462497,0.005367952362415204,0.0028642662827464147,0.004403829702528372,0.00855439059135934,-10.72548755378472,ridge_a0.1
CNE100004454,Henan Shijia Photons Technology Co Ltd Class A,688313,CHN,Technology,Aug-26,0.005094811125422717,0.005358830525824737,0.0028131594912246547,0.004396768409908166,0.008792415260331136,0.0,naive (no feature history)
CNE100003S06,China Resources Microelectronics Ltd Class A,688396,CHN,Technology,Aug-26,0.00578682287277344,0.005342936709382904,0.0027675456214032315,0.004397519539385504,0.008689824444301731,-12.219529112861416,ridge_a0.1
CNE100001ZV6,Orient Securities Co Ltd Class A,600958,CHN,Financial Services,Aug-26,0.005686531315186378,0.005286639568452519,0.0028438174731677513,0.0043055365984024044,0.008277200696176937,-11.612605280765194,ridge_a0.1
CNE100000098,Inner Mongolia Dian Tou Energy Corp Ltd Class A,002128,CHN,Energy,Aug-26,0.005506006511529668,0.005252735586236792,0.002813468110800592,0.004368890700580991,0.00860517625116315,-9.300083980767202,ridge_a0.1
CNE000000J28,Dongfang Electric Corp Ltd Class A,600875,CHN,Industrials,Aug-26,0.0056363855363928475,0.005249570338996232,0.0028027514824408455,0.004300569856551251,0.00847223208973497,-11.451515368778812,ridge_a0.1
INE018E01016,SBI Cards and Payment Services Ltd Ordinary Shares,543066,IND,Financial Services,Aug-26,0.005556152290323199,0.005245506128288731,0.002702002390071262,0.0042830680078515,0.008468401067165354,-10.24238096625669,ridge_a0.1
CNE1000017G1,Power Construction Corporation of China Ltd Class A,601669,CHN,Industrials,Aug-26,0.005716618782462497,0.005236766935283062,0.0027748388870843304,0.004178432648928587,0.008658759653985727,-12.907234755803676,ridge_a0.1
CNE100000V46,Shenzhen Inovance Technology Co Ltd Class A,300124,CHN,Industrials,Aug-26,0.005696560470945085,0.005226514496395617,0.0027387890137205596,0.004272082579074726,0.008588689447236484,-12.771678967319433,ridge_a0.1
CNE100002D38,EverProX Technologies Co Ltd Class A,300548,CHN,Industrials,Aug-26,0.004964432100559537,0.005221695098982766,0.0027645173799741045,0.004299579125883721,0.008866759081753002,0.0,naive (no feature history)
CNE100001RG4,Guangzhou Tinci Materials Technology Co Ltd Class A,002709,CHN,Basic Materials,Aug-26,0.00547591904425355,0.005185649478042176,0.002688091034748644,0.004226908185290655,0.00847971511162628,-9.966485277674888,ridge_a0.1
CNE100000BP1,Goertek Inc Class A,002241,CHN,Technology,Aug-26,0.005506006511529668,0.005133520319305383,0.002716815390998452,0.004160207886769541,0.008516799376577712,-11.358595116797146,ridge_a0.1
CNE100002SN6,Bank of Chengdu Co Ltd Class A,601838,CHN,Financial Services,Aug-26,0.005285365084838134,0.0050872931230034335,0.002691346609143261,0.0042388678889801416,0.008392741353246393,-8.489730094480958,ridge_a0.1
CNE1000060N7,United Nova Technology Co Ltd Class A Shares,688469,CHN,Technology,Aug-26,0.004834053075696357,0.005084559672140793,0.0026910888719396415,0.004140512517692317,0.008260593930007911,0.0,naive (no feature history)
CNE100001VW3,Zhejiang Huayou Cobalt Co Ltd Class A,603799,CHN,Basic Materials,Aug-26,0.005285365084838134,0.00506051274607135,0.0027002546122744473,0.00409993790612017,0.00834353360840166,-8.971455731666092,ridge_a0.1
CNE100000T32,Tianqi Lithium Corp Class A,002466,CHN,Basic Materials,Aug-26,0.005275335929079427,0.00503094521642007,0.0026219405578643946,0.00407787715655262,0.008060373903544615,-9.33126976810488,ridge_a0.1
CNE000000TY6,SAIC Motor Corp Ltd Class A,600104,CHN,Consumer Cyclical,Aug-26,0.005405714953942606,0.005020503676916446,0.002669096944788529,0.004075972845660721,0.008152668520771471,-11.701726074271843,ridge_a0.1
CNE000000XM3,Henan Shuanghui Investment & Development Co Ltd Class A,000895,CHN,Consumer Defensive,Aug-26,0.005516035667288374,0.005012111634815463,0.0027142651976324703,0.0041611411280849785,0.00854735745024942,-13.61233496355077,ridge_a0.1
CNE1000041D8,Guolian Minsheng Securities Co Ltd Class A,601456,CHN,Financial Services,Aug-26,0.004743790673868002,0.004989619761250197,0.0026884694521063573,0.004101375821824224,0.008377418053028435,0.0,naive (no feature history)
CNE100001WS9,Guosen Securities Co Ltd Class A,002736,CHN,Financial Services,Aug-26,0.0053355108636316635,0.004979615150927949,0.0026108920386944626,0.0039836732159345386,0.007989739575877832,-11.2684971937402,ridge_a0.1
CNE100005D92,SUPCON Technology Co Ltd Class A,688777,CHN,Industrials,Aug-26,0.005104840281181423,0.004972772108487125,0.0026630495821206063,0.00400322080103368,0.007900552631238698,-7.386464364391476,ridge_a0.1
CNE100000HP8,Guangdong Haid Group Co Ltd Class A,002311,CHN,Consumer Defensive,Aug-26,0.005375627486666489,0.004942342197407438,0.002652228646738818,0.004067160945783341,0.008143556507702189,-12.589880949853605,ridge_a0.1
CNE000000WS2,China Rare Earth Resources & Technology Co Ltd Class A,000831,CHN,Basic Materials,Aug-26,0.004663557427798352,0.0049052287293474455,0.0026191525175124136,0.0040182522146862566,0.008264522917131995,0.0,naive (no feature history)
CNE000001F21,Zhangzhou Pientzehuang Pharmaceutical Co Ltd Class A,600436,CHN,Healthcare,Aug-26,0.005275335929079427,0.004902761868774949,0.0025950718032974568,0.004032936712142223,0.007792623437002338,-11.641416443907238,ridge_a0.1
CNE100002NT4,SG Micro Corp Class A,300661,CHN,Technology,Aug-26,0.005195102683009778,0.004890464725286969,0.0026285042307966585,0.004039223040815474,0.008198595249604196,-10.50184949417366,ridge_a0.1
CNE100006HM2,Delton Technology (Guangzhou) Inc Ordinary Shares - Class A,001389,CHN,Technology,Aug-26,0.004603382493246116,0.004841935455420382,0.002560092265103093,0.00392043062559145,0.007779617644782103,0.0,naive (no feature history)
CNE100006FN4,Sichuan Biokin Pharmaceutical Co Ltd Class A,688506,CHN,Healthcare,Aug-26,0.004593353337487409,0.004831386576432538,0.002573129262135779,0.003905512716132188,0.007910967816822944,0.0,naive (no feature history)
CNE100002177,Dongxing Securities Co Ltd Class A,601198,CHN,Financial Services,Aug-26,0.005225190150285897,0.004821115241135374,0.0025339914700587595,0.003973208891961004,0.007926616297739726,-12.279019145012906,ridge_a0.1
CNE100000FD8,Everbright Securities Co Ltd Class A,601788,CHN,Financial Services,Aug-26,0.0052953942405968395,0.004818396708071892,0.0025829078326086996,0.003909419149502975,0.007766278963615901,-13.490795073473361,ridge_a0.1
CNE100006KM6,Sichuan Huafeng Technology Co Ltd Class A,688629,CHN,Technology,Aug-26,0.004473003468382937,0.004704800028578412,0.002479126588152621,0.0039025855224377026,0.00799086268436999,0.0,naive (no feature history)
CNE100003JW4,Pharmaron Beijing Co Ltd Class A,300759,CHN,Healthcare,Aug-26,0.005014577879353068,0.004678627074061173,0.0024448968619127497,0.003913508517473541,0.007905573803126273,-11.29622248103135,ridge_a0.1
CNE000001M22,Zhejiang Sanhua Intelligent Controls Co Ltd Class A,002050,CHN,Industrials,Aug-26,0.0048641405429724754,0.004674212056041103,0.0025262671745915023,0.0038312507399963997,0.007366775116582783,-8.63910144273681,ridge_a0.1
CNE000001097,Henan Shenhuo Coal & Power Co Ltd Class A,000933,CHN,Basic Materials,Aug-26,0.004803965608420239,0.004626415140991329,0.0024740136410833875,0.0037935913916047302,0.007530380154129323,-8.44063397127062,ridge_a0.1
CNE000001BC8,Zhejiang China Commodities City Group Co Ltd Class A,600415,CHN,Consumer Cyclical,Aug-26,0.004763848985385414,0.004617308030770286,0.0024566636629130695,0.0037907628786774195,0.007562677128213789,-7.851360348016153,ridge_a0.1
CNE000000SH3,Changjiang Securities Company Ltd Class A,000783,CHN,Financial Services,Aug-26,0.004824023919937651,0.004589330427601927,0.0024519939947148578,0.003720676009894939,0.0073144000764554925,-9.55221392522594,ridge_a0.1
CNE100002RZ2,360 Security Technology Inc Class A,601360,CHN,Technology,Aug-26,0.004874169698731181,0.004588492919317319,0.0024570085213739567,0.00371835224292781,0.00772674759735259,-10.499082734144658,ridge_a0.1
CNE100002R65,Zheshang Securities Co Ltd Class A,601878,CHN,Financial Services,Aug-26,0.005124898592698835,0.0045879127095498785,0.0024508768822493403,0.003728693412536085,0.0074903926098504785,-14.888560492912958,ridge_a0.1
CNE100002V44,Caitong Securities Co Ltd Class A,601108,CHN,Financial Services,Aug-26,0.005014577879353068,0.004579077579475841,0.0024773387274476207,0.003769240632202215,0.00722622740596781,-13.183617240228962,ridge_a0.1
CNE100000W94,Shenzhen Sunway Communication Co Ltd Class A,300136,CHN,Technology,Aug-26,0.004342624443519756,0.004567664601736438,0.0024133484607843357,0.0037547856023537893,0.007648426742700553,0.0,naive (no feature history)
CNE000000PY4,Yutong Bus Co Ltd Class A,600066,CHN,Industrials,Aug-26,0.004874169698731181,0.004551927445307515,0.0023906415995107217,0.003744476238139125,0.007418163083037893,-11.21231113433693,ridge_a0.1
CNE0000018P2,Fiberhome Telecommunication Technologies Co Ltd Class A,600498,CHN,Technology,Aug-26,0.004322566132002344,0.004546566843760751,0.0024173287924215163,0.003762106416479477,0.007607821795014195,0.0,naive (no feature history)
CNE100000PW7,Sichuan Kelun Pharmaceutical Co Ltd Class A,002422,CHN,Healthcare,Aug-26,0.004813994764178944,0.004544190837839891,0.002393587312794554,0.003675606341497678,0.007334702151684377,-10.255257867597388,ridge_a0.1
CNE000000BQ0,Sichuan Chuantou Energy Co Ltd Class A,600674,CHN,Utilities,Aug-26,0.004703674050833178,0.004538288304248144,0.002395222755714687,0.0038066390873690336,0.007727692509233794,-8.269675709323906,ridge_a0.1
CNE000001KK2,Focus Media Information Technology Co Ltd Class A,002027,CHN,Communication Services,Aug-26,0.004894228010248594,0.004537221659179408,0.002391348538475198,0.0037083154517876904,0.007377778554492389,-11.861863446485494,ridge_a0.1
CNE100001377,Ingenic Semiconductor Co Ltd Class A,300223,CHN,Technology,Aug-26,0.004884198854489888,0.004533423935705479,0.002328445863844742,0.0037357730072832517,0.0075548383117773395,-11.754806090692876,ridge_a0.1
CNE100003P74,Shenzhen Transsion Holdings Co Ltd Class A,688036,CHN,Technology,Aug-26,0.004723732362350589,0.004532113877516569,0.002414211227792703,0.0037075668265558245,0.0071819948827976775,-8.783459658029598,ridge_a0.1
CNE0000011D3,Yunnan Tin Co Ltd Class A,000960,CHN,Basic Materials,Aug-26,0.004302507820484932,0.004525469085785064,0.0023827110436104144,0.003737856637538754,0.0074916641197677195,0.0,naive (no feature history)
CNE000000T83,Jiangsu Etern Co Ltd Class A,600105,CHN,Technology,Aug-26,0.004302507820484932,0.004525469085785064,0.0023949670006592426,0.003752996641327503,0.00751952261435151,0.0,naive (no feature history)
CNE000001QQ6,Beijing Compass Technology Development Co Ltd Class A,300803,CHN,Technology,Aug-26,0.004292478664726226,0.0045149202067972195,0.0023989328314234864,0.003705420898140098,0.006875919780321637,0.0,naive (no feature history)
CNE1000047B9,Anker Innovations Technology Co Ltd Class A,300866,CHN,Technology,Aug-26,0.0049142863217660065,0.004477921736071332,0.002372328255974902,0.0036967851633524958,0.007322618662831679,-13.368844230447753,ridge_a0.1
CNE000001BD6,COSCO SHIPPING Energy Transportation Co Ltd Class A,600026,CHN,Energy,Aug-26,0.0046535282720396465,0.004477794942261659,0.0023165449389646216,0.0036650107201876957,0.0075322171196528205,-8.517102667446496,ridge_a0.1
CNE100001BC7,Haisco Pharmaceutical Group Co Ltd Class A,002653,CHN,Healthcare,Aug-26,0.004242332885932695,0.004462175811857999,0.002393889198607456,0.0037015508274456013,0.007491072853561759,0.0,naive (no feature history)
CNE100003FS0,Suzhou Maxwell Technologies Co Ltd Class A,300751,CHN,Technology,Aug-26,0.004172128795621752,0.004388333658943092,0.0023394278846085837,0.003657851437905521,0.007453082487148753,0.0,naive (no feature history)
CNE100000KW8,China XD Electric Co Ltd Class A,601179,CHN,Industrials,Aug-26,0.004753819829626709,0.004385472451160183,0.0022590950431522552,0.003574540492585685,0.007148028797365625,-12.293509145495465,ridge_a0.1
CNE000000KB3,Sanan Optoelectronics Co Ltd Class A,600703,CHN,Technology,Aug-26,0.004793936452661533,0.00436711314432096,0.0022690951144745046,0.0035813464600037577,0.00728684021276743,-13.391555844684447,ridge_a0.1
CNE000000MS3,CNPC Capital Co Ltd Class A,000617,CHN,Financial Services,Aug-26,0.004533178402935173,0.004356102916610481,0.0022804772387903143,0.003555590218088228,0.0070759487140213215,-8.64056887642082,ridge_a0.1
CNE100000V95,China Industrial Securities Co Ltd Class A,601377,CHN,Financial Services,Aug-26,0.004824023919937651,0.004342842016787723,0.0022981563288241584,0.003590807640243719,0.007281735917396836,-14.4100753067355,ridge_a0.1
CNE1000008S5,Goldwind Science & Technology Co Ltd Ordinary Shares - Class A,002202,CHN,Industrials,Aug-26,0.0046134116490048225,0.004335034707824209,0.0022977945793241725,0.0035666102291983183,0.0072491708360894296,-10.663602207118156,ridge_a0.1
CNE0000008X7,Yunnan Baiyao Group Co Ltd Class A,000538,CHN,Healthcare,Aug-26,0.004533178402935173,0.004317191795307033,0.0022363574658507924,0.0035133192824747033,0.007220381590158714,-9.4566418606261,ridge_a0.1
CNE100000MW4,Shandong Hongqiao Aluminum Industry Holding Co Ltd Class A,002379,CHN,Basic Materials,Aug-26,0.004071837238034691,0.004282844869064653,0.0023000462114199207,0.0034930251590911373,0.007060751322724128,0.0,naive (no feature history)
CNE000001Q02,Datang International Power Generation Co Ltd Class A,601991,CHN,Utilities,Aug-26,0.00454320755869388,0.004267168372245605,0.0022522751244420987,0.0034867086410369967,0.007029627525219962,-10.70332931033308,ridge_a0.1
CNE100003ML1,Anji Microelectronics Technology (Shanghai) Co Ltd Class A,688019,CHN,Technology,Aug-26,0.0040517789265172785,0.004261747111088964,0.002269837005474907,0.003596892920294515,0.00724114607190877,0.0,naive (no feature history)
CNE100000GR6,Aier Eye Hospital Group Co Ltd Class A,300015,CHN,Healthcare,Aug-26,0.004703674050833178,0.004254816555258546,0.0022477301908379863,0.0035208958476684016,0.007146638894838414,-13.999359175603542,ridge_a0.1
CNE100003F27,The People's Insurance Co (Group) of China Ltd Class A,601319,CHN,Financial Services,Aug-26,0.0044128285338307,0.004248670219004806,0.002197479403191193,0.0034532901951063255,0.006747998556871651,-8.463556263337816,ridge_a0.1
CNE000001NK6,Huafon Chemical Co Ltd Class A,002064,CHN,Basic Materials,Aug-26,0.004473003468382937,0.0042191478205286445,0.0022071339831113597,0.003453951866433293,0.006497921806621259,-10.322483529581808,ridge_a0.1
CNE0000019V8,Anhui Conch Cement Co Ltd Class A,600585,CHN,Basic Materials,Aug-26,0.00454320755869388,0.004216340249548386,0.0022086426064249756,0.003498369591471695,0.006799859851701882,-11.766981301144716,ridge_a0.1
CNE000000TR0,China Eastern Airlines Corp Ltd Class A,600115,CHN,Industrials,Aug-26,0.004493061779900348,0.004208304302813359,0.0021570969633717967,0.0034308822669987834,0.007088524300384924,-10.952278426617077,ridge_a0.1
CNE100000YJ6,Tianshan Aluminum Group Co Ltd Class A,002532,CHN,Basic Materials,Aug-26,0.004342624443519756,0.004185781465330935,0.002229641316762872,0.003426719074670187,0.006928065116288364,-8.360577443893932,ridge_a0.1
CNE0000001S2,Founder Technology Group Co Ltd Class A,600601,CHN,Technology,Aug-26,0.003961516524688923,0.004166807200198368,0.002171823447361671,0.0033643241616444506,0.006931414280618261,0.0,naive (no feature history)
CNE100001XM0,Canmax Technologies Co Ltd Class A,300390,CHN,Industrials,Aug-26,0.003941458213171511,0.00414570944222268,0.00222893421567075,0.0033845470953234426,0.006832815465137731,0.0,naive (no feature history)
CNE1000014X3,Himile Mechanical Science And Technology(Shangdong) Co Ltd Class A,002595,CHN,Industrials,Aug-26,0.003911370745895392,0.004114062805259148,0.0021418002186906703,0.0033645140383771607,0.006655409075525585,0.0,naive (no feature history)
CNE100000RK8,Wuhan Guide Infrared Co Ltd Class A,002414,CHN,Technology,Aug-26,0.004232303730173989,0.0041003004464907865,0.0021418714259837826,0.0033594546384621404,0.006795715244100085,-7.892091850402505,ridge_a0.1
CNE100002FC6,China Merchants Shekou Industrial Zone Holdings Co Ltd Class A,001979,CHN,Real Estate,Aug-26,0.0044830326241416425,0.0040990134175742455,0.0021906133001915384,0.003342550189233537,0.0066677349607627565,-13.070835309833312,ridge_a0.1
CNE1000010R3,Giant Network Group Co Ltd Class A,002558,CHN,Communication Services,Aug-26,0.0038913124343779807,0.004092965047283461,0.0021725481874205377,0.003373063179811556,0.006531437757674202,0.0,naive (no feature history)
CNE100001BZ8,Universal Scientific Industrial (Shanghai) Co Ltd Class A,601231,CHN,Technology,Aug-26,0.003871254122860568,0.004071867289307772,0.0021651885803439775,0.003362959230596092,0.006678822575920704,0.0,naive (no feature history)
CNE100005YS6,Hunan Yuneng New Energy Battery Material Co Ltd Ordinary Shares - Class A,301358,CHN,Industrials,Aug-26,0.0038511958113431563,0.004050769531332085,0.002155468846914928,0.0033304837569658368,0.006687620242640922,0.0,naive (no feature history)
CNE100002BR3,Yunnan Energy New Material (Group) Co Ltd Class A,002812,CHN,Consumer Cyclical,Aug-26,0.0038411666555844496,0.004040220652344241,0.0020878570917345646,0.003357762823336119,0.0066679664380225635,0.0,naive (no feature history)
CNE100005XJ7,Shanghai Allist Pharmaceuticals Co Ltd Class A,688578,CHN,Healthcare,Aug-26,0.0038411666555844496,0.004040220652344241,0.0021345985994309564,0.0033179513767310756,0.006621452067138979,0.0,naive (no feature history)
CNE0000012J8,YTO Express Group Co Ltd Class A,600233,CHN,Industrials,Aug-26,0.004262391197450108,0.004006090110452363,0.002128084335053858,0.003346572743232195,0.006548744326964318,-10.643639116562484,ridge_a0.1
CNE000001139,Shandong Nanshan Aluminum Co Ltd Class A,600219,CHN,Basic Materials,Aug-26,0.004192187107139164,0.003997767122163214,0.00209911276233613,0.003260404804907131,0.006599017004991264,-9.335994957899324,ridge_a0.1
CNE000001NN0,Air China Ltd Class A,601111,CHN,Industrials,Aug-26,0.004322566132002344,0.003997126071220581,0.0020947304024755043,0.0032046794327788585,0.006448298588478802,-12.084739792051378,ridge_a0.1
CNE000000Q11,SDIC Capital Co Ltd Class A,600061,CHN,Financial Services,Aug-26,0.004402799378071993,0.003989034415286509,0.0021121839155715857,0.0032551262655649707,0.006311076405331103,-13.861569843906684,ridge_a0.1
CNE000000S01,Yunnan Yuntianhua Co Ltd Class A,600096,CHN,Basic Materials,Aug-26,0.004132012172586927,0.003987955693204686,0.002105737158366152,0.0032798465337815063,0.00685008853029263,-8.241395878421631,ridge_a0.1
CNE1000033T1,Sangfor Technologies Inc Class A,300454,CHN,Technology,Aug-26,0.0037709625652735065,0.0039663784994293325,0.0020693869100426483,0.003188430914757708,0.006195321666181026,0.0,naive (no feature history)
CNE1000018P0,Kuang-Chi Technologies Co Ltd Class A,002625,CHN,Industrials,Aug-26,0.004242332885932695,0.003954956791565805,0.002075334208076774,0.003224555423368445,0.0064050747041833386,-11.367078342011666,ridge_a0.1
CNE100004900,Zhongtai Securities Co Ltd,600918,CHN,Financial Services,Aug-26,0.004442916001106818,0.003947839030493326,0.0020837818317349403,0.003284064330534298,0.006672676133832038,-15.52087638345015,ridge_a0.1
CNE100003PS9,China Zheshang Bank Co Ltd Class A,601916,CHN,Financial Services,Aug-26,0.004212245418656576,0.003942597992490994,0.0020757749681630626,0.0031950559155338523,0.006357528460268171,-11.01293238668485,ridge_a0.1
CNE100000BJ4,Zhejiang Dahua Technology Co Ltd Class A,002236,CHN,Industrials,Aug-26,0.004041749770758572,0.0038908466825275335,0.0020069249440432665,0.003133432525010499,0.0061822460319243995,-8.47647015969625,ridge_a0.1
CNE000001ND1,Poly Developments and Holdings Group Co Ltd Class A,600048,CHN,Real Estate,Aug-26,0.0042222745744152825,0.0038658654298993154,0.0020280636569804987,0.003245188180424642,0.006581783532400779,-12.952094446530957,ridge_a0.1
CNE0000011C5,Hainan Airlines Holding Co Ltd Class A,600221,CHN,Industrials,Aug-26,0.004101924705310809,0.0038581031352335443,0.002038370497944722,0.0031627958262112955,0.006295245916262728,-10.578033822919238,ridge_a0.1
CNE100003R64,BOC International China Co Ltd Class A,601696,CHN,Financial Services,Aug-26,0.0036606418519277394,0.003850340830563049,0.002016365396656047,0.003215342415048809,0.0064119649683976095,0.0,naive (no feature history)
CNE100000LV8,BlueFocus Communication Group Co Ltd Class A,300058,CHN,Communication Services,Aug-26,0.003650612696169033,0.0038397919515752053,0.002051355523868826,0.0031121688481389126,0.006122813482181675,0.0,naive (no feature history)
CNE1000055X6,Dosilicon Co Ltd Class A,688110,CHN,Technology,Aug-26,0.0036205252288929145,0.003808145314611673,0.0020150079666238253,0.0031542912242567183,0.0060960832069496505,0.0,naive (no feature history)
CNE100001DJ8,Zhejiang Jingsheng Mechanical and Electrical Co Ltd Class A,300316,CHN,Technology,Aug-26,0.0040116623034824545,0.00377852821326575,0.001964466129790987,0.0031068047122228756,0.006290054625951073,-10.451901628126867,ridge_a0.1
CNE100003K04,CSPC Innovation Pharmaceutical Co Ltd Class A,300765,CHN,Consumer Defensive,Aug-26,0.003951487368930217,0.0037285487678359536,0.0019845298380174107,0.003103724142813417,0.0065567712643121905,-10.290735568380132,ridge_a0.1
CNE000001DQ4,Sichuan Road And Bridge Group Co Ltd Class A,600039,CHN,Industrials,Aug-26,0.003991603991965042,0.0036613341311533794,0.0019634574595785246,0.0030362372175570035,0.006027297147632192,-12.793274068046138,ridge_a0.1
CNE100005ZH6,Suzhou Everbright Photonics Co Ltd Class A,688048,CHN,Technology,Aug-26,0.0034801170482710287,0.0036604610087818575,0.0019584535079342886,0.0030514598797033096,0.005877377903531975,0.0,naive (no feature history)
CNE100002RP3,Baiyin Nonferrous Group Co Ltd Class A,601212,CHN,Basic Materials,Aug-26,0.0034700878925123225,0.0036499121297940136,0.0019435396890173254,0.0029925747244240195,0.005958065821764852,0.0,naive (no feature history)
CNE100002JW6,Shenzhen Kedali Industry Co Ltd Class A,002850,CHN,Technology,Aug-26,0.0034600587367536167,0.0036393632508061697,0.0019233538476319488,0.0030155294046080813,0.005834780546135704,0.0,naive (no feature history)
CNE100000825,Tianshui Huatian Technology Co Ltd Class A,002185,CHN,Technology,Aug-26,0.0038612249671018625,0.003628191182540757,0.0019136197839059014,0.0030009788083772415,0.005817870648724881,-10.66469515609963,ridge_a0.1
CNE100000HB8,Jiangsu Yanghe Distillery Co Ltd Class A,002304,CHN,Consumer Defensive,Aug-26,0.003881283278619274,0.003600646153456753,0.0019312805206446678,0.0029728414817663234,0.005804499220430511,-11.801100009850284,ridge_a0.1
CNE000001998,Huaneng Power International Inc Class A,600011,CHN,Utilities,Aug-26,0.0037809917210322127,0.003594100519944235,0.0019105206880373335,0.0029392277987796795,0.006095130892351529,-9.626196861188532,ridge_a0.1
CNE100000KD8,Zhejiang Chint Electrics Co Ltd Class A,601877,CHN,Industrials,Aug-26,0.003941458213171511,0.0035893941710478513,0.0019340724788790963,0.0029811667110505075,0.006006267414313161,-13.41906081282353,ridge_a0.1
CNE000001FG0,China Southern Airlines Co Ltd Class A,600029,CHN,Industrials,Aug-26,0.0038511958113431563,0.0035723071643710058,0.0018752876901187957,0.002914338280098994,0.00577835652163176,-11.811641300751514,ridge_a0.1
CNE100005B03,RemeGen Co Ltd Class A,688331,CHN,Healthcare,Aug-26,0.0033898546464426736,0.0035655210978912623,0.001887570899091346,0.002911446932763088,0.0055862967103321535,0.0,naive (no feature history)
CNE000001BM7,Shandong Hualu-hengsheng Chemical Co Ltd Class A,600426,CHN,Basic Materials,Aug-26,0.0038913124343779807,0.003554874179425297,0.0018439133937825163,0.002958474845076095,0.006009213962143148,-13.146725213676083,ridge_a0.1
CNE000001NT7,Shanxi Lu'an Environmental Energy Development Co Ltd Class A,601699,CHN,Energy,Aug-26,0.003640583540410327,0.003501094624758666,0.0018757153016210175,0.00288183194576154,0.005670021202468669,-8.56953819875871,ridge_a0.1
CNE100001XR9,Hubei Feilihua Quartz Glass Co Ltd Class A,300395,CHN,Basic Materials,Aug-26,0.003319650556131731,0.0034916789449763543,0.0017984204657895853,0.0028800452838552413,0.005457034025392312,0.0,naive (no feature history)
CNE100005P31,CICT Mobile Communication Technology Co Ltd Class A,688387,CHN,Technology,Aug-26,0.0033096214003730247,0.00348113006598851,0.001840593118086015,0.0028134237316720587,0.005546970658161298,0.0,naive (no feature history)
CNE000001DN1,Hangzhou Silan Microelectronics Co Ltd Class A,600460,CHN,Technology,Aug-26,0.0037509042537560945,0.003467221388283957,0.0018121788161903467,0.0027927134816522745,0.005373992669296888,-12.117245501610261,ridge_a0.1
CNE000001GS3,Tongwei Co Ltd Class A,600438,CHN,Technology,Aug-26,0.003791020876790919,0.0034610589322137397,0.001732510494670632,0.0028402010520176112,0.005949599144405742,-13.201767012748672,ridge_a0.1
CNE1000033C7,Huizhou Desay SV Automotive Co Ltd Class A,002920,CHN,Consumer Cyclical,Aug-26,0.0036004669173755025,0.0034277545861218514,0.0017773078426027286,0.0028096625595841534,0.005625424803320761,-9.487416388118767,ridge_a0.1
CNE000000R36,Chongqing Changan Automobile Co Ltd Class A,000625,CHN,Consumer Cyclical,Aug-26,0.0035904377616167962,0.0034171921864300696,0.0017636761375982909,0.0028295937006598826,0.005817002561496895,-9.514275573421713,ridge_a0.1
CNE100005GY1,Empyrean Technology Co Ltd Class A,301269,CHN,Technology,Aug-26,0.0038913124343779807,0.0034106292532335657,0.0017583493304476289,0.002791320176092858,0.0062273203715484836,-16.67094114333489,ridge_a0.1
CNE000001M14,Unigroup Guoxin Microelectronics Co Ltd Class A,002049,CHN,Technology,Aug-26,0.003670671007686445,0.0034103833959642006,0.0017377159433533717,0.0028419279382370494,0.006194404592270303,-11.66845850251175,ridge_a0.1
CNE000001BJ3,Wolong Electric Group Co Ltd Class A,600580,CHN,Industrials,Aug-26,0.0032394173100620816,0.0034072879130736026,0.0017595319207991558,0.0028385294951951087,0.006026684551531808,0.0,naive (no feature history)
CNE100000FX6,Metallurgical Corp of China Ltd Class A,601618,CHN,Industrials,Aug-26,0.003700758474962564,0.0033997831389521276,0.001738406895766199,0.0027717586243011434,0.005948595004609931,-12.658923737565958,ridge_a0.1
CNE100002TX3,Shanghai Putailai New Energy Technology Group Co Ltd Class A,603659,CHN,Basic Materials,Aug-26,0.0035202336713058536,0.0033770067859990667,0.0017082300615614422,0.0027708871255373623,0.005517836895024802,-8.795029637744452,ridge_a0.1
CNE100004JY8,Dazhong Mining Co Ltd Class A,001203,CHN,Basic Materials,Aug-26,0.0032093298427859633,0.003375641276110071,0.0017232906849958265,0.002714431514165355,0.005907661718016756,0.0,naive (no feature history)
CNE100000KC0,China National Chemical Engineering Co Ltd Class A,601117,CHN,Industrials,Aug-26,0.0035102045155471473,0.003310863927157795,0.0016544813497612215,0.002735258088864178,0.005662728050405372,-10.325910162097308,ridge_a0.1
CNE100001SP3,Zhejiang Zheneng Electric Power Co Ltd Class A,600023,CHN,Utilities,Aug-26,0.003429971269477498,0.0033030017926521196,0.0016515888959547885,0.0027259795808342226,0.005715650865113814,-8.446196134733588,ridge_a0.1
CNE000001527,Zoomlion Heavy Industry Science and Technology Co Ltd Class A,000157,CHN,Industrials,Aug-26,0.0035302628270645594,0.0032936594515735984,0.0017077226612635696,0.0027592126140020684,0.005731500700664733,-11.298754217233551,ridge_a0.1
CNE000001NY7,Gotion High-tech Co Ltd Class A,002074,CHN,Industrials,Aug-26,0.003419942113718792,0.003285808346467807,0.0016764232040056108,0.002748157301799428,0.005513078698295526,-8.65568167339173,ridge_a0.1
CNE1000019P8,Soochow Securities Co Ltd Class A,601555,CHN,Financial Services,Aug-26,0.003570379450099384,0.0032833667538079156,0.0016690054414789193,0.0027532549195621453,0.005599422327046174,-12.569474630306818,ridge_a0.1
CNE100001YF2,Kunlun Tech Co Ltd Class A,300418,CHN,Communication Services,Aug-26,0.0036205252288929145,0.0032822315911786894,0.0016702983611500007,0.002695926883479117,0.005196909021697058,-13.810232540630135,ridge_a0.1
CNE0000008J6,Citic Pacific Special Steel Group Co Ltd Class A,000708,CHN,Basic Materials,Aug-26,0.0034500295809949105,0.0032771604121876684,0.0016746987471830503,0.002695250299411662,0.005589856098487193,-9.690602042408976,ridge_a0.1
CNE100002PC5,Yealink Network Technology Corp Ltd Class A,300628,CHN,Technology,Aug-26,0.0034801170482710287,0.0032655582050892507,0.001667970542409592,0.0027268106483169744,0.005615001518110552,-10.788335205461577,ridge_a0.1
CNE100003NZ9,Chongqing Rural Commercial Bank Co Ltd Class A,601077,CHN,Financial Services,Aug-26,0.0034400004252362042,0.0032525688941356843,0.0016463215974196514,0.002679326740819902,0.005339224110520329,-10.10695869110262,ridge_a0.1
CNE1000032B1,China Merchants Expressway Network & Technology Holdings Co Ltd Class A,001965,CHN,Industrials,Aug-26,0.0036004669173755025,0.003252450428612002,0.0016853310725807153,0.002738959609482833,0.005681397111308428,-14.116461967508611,ridge_a0.1
CNE000000JX9,Shanghai Zhangjiang Hi-tech Park Development Co Ltd Class A,600895,CHN,Real Estate,Aug-26,0.0033697963349252616,0.0032112606401274828,0.0016287357718037753,0.002681313923378314,0.005893738597526545,-9.399630569976631,ridge_a0.1
ID1000166903,PT Goto Gojek Tokopedia Tbk,GOTO,IDN,Technology,Aug-26,0.0033898546464426736,0.0032012793285243536,0.0015993687636686059,0.002618275197002049,0.005609360568349053,-10.215667201698228,ridge_a0.1
CNE100003GD0,China Great Wall Securities Co Ltd Class A,002939,CHN,Financial Services,Aug-26,0.0030087467276118406,0.0031646636963531915,0.00161925425972835,0.0025691417401032647,0.005378605645779402,0.0,naive (no feature history)
CNE000000RL7,China Greatwall Technology Group Co Ltd Class A,000066,CHN,Technology,Aug-26,0.003349738023407849,0.0031480795979742008,0.001601862750444667,0.0026213413436128527,0.0054565716053775505,-10.650335180181708,ridge_a0.1
CNE000001FJ4,Zhejiang Longsheng Group Co Ltd Class A,600352,CHN,Basic Materials,Aug-26,0.002988688416094428,0.0031435659383775034,0.001613277274798749,0.0026178680888648094,0.005530312573127086,0.0,naive (no feature history)
CNE1000015F7,Sailun Group Co Ltd Class A,601058,CHN,Consumer Cyclical,Aug-26,0.0033597671791665553,0.0031086849171856603,0.0015909284641093101,0.0025613387456612157,0.005348855735071058,-12.031823666719795,ridge_a0.1
CNE0000018M9,Anhui Jianghuai Automobile Group Co Ltd Class A,600418,CHN,Consumer Cyclical,Aug-26,0.0032394173100620816,0.0030818204591914885,0.001594941039346657,0.0025928058133421594,0.005409705743670813,-9.552097215891584,ridge_a0.1
CNE100004231,Quantumctek Co Ltd Class A,688027,CHN,Technology,Aug-26,0.0029285134815421913,0.0030802726644504393,0.0015917721621909187,0.0025212911664404857,0.005294760254570588,0.0,naive (no feature history)
CNE000000M15,Huayu Automotive Systems Co Ltd Class A,600741,CHN,Consumer Cyclical,Aug-26,0.0033296797118904367,0.0030675273170550944,0.0015689702328597608,0.002535985081158542,0.005359738147729167,-12.412113910312748,ridge_a0.1
CNE000001LJ2,Huadian Power International Corp Ltd Class A,600027,CHN,Utilities,Aug-26,0.003279533933096906,0.003024667914046851,0.0015374919258424634,0.0025165487437443404,0.005324474208550289,-12.315337172041552,ridge_a0.1
CNE000000DG7,ENN Natural Gas Co Ltd Class A,600803,CHN,Utilities,Aug-26,0.00313912575247502,0.0029742154687195464,0.0015043621023147983,0.002474325477827827,0.0052320701534230634,-9.921368388959184,ridge_a0.1
CNE000000QZ9,Guoyuan Securities Co Ltd Class A,000728,CHN,Financial Services,Aug-26,0.003349738023407849,0.0029642705063496915,0.0015231680051467696,0.002426219124399917,0.0051181204604739735,-15.867255596696461,ridge_a0.1
CNE100003LZ3,Amlogic (Shanghai) Co Ltd Class A,688099,CHN,Technology,Aug-26,0.0028181927681964238,0.0029642349955841555,0.0015232290770527386,0.0024702528381766765,0.0048749361979294374,0.0,naive (no feature history)
CNE0000009Y3,Tsingtao Brewery Co Ltd Class A,600600,CHN,Consumer Defensive,Aug-26,0.003339708867649143,0.0029394508653561723,0.001518909184856387,0.002421593157525617,0.005237662939005703,-16.321158048960598,ridge_a0.1
CNE0000003F5,Guocheng Mining Co Ltd Class A,000688,CHN,Basic Materials,Aug-26,0.002758017833644187,0.0029009417216570915,0.0014896094334508447,0.002447959191542979,0.004919763526546014,0.0,naive (no feature history)
CNE0000013Y5,Shanxi Coking Coal Energy Group Co Ltd Class A,000983,CHN,Energy,Aug-26,0.003088979973681489,0.0028889218471589238,0.0014591973775023288,0.002392231405989733,0.004977994159611975,-11.08423560751574,ridge_a0.1
CNE000001G53,Shanghai Electric Power Co Ltd Class A,600021,CHN,Utilities,Aug-26,0.002737959522126775,0.0028798439636814038,0.0014987670132562067,0.0024067949676988333,0.004727698515183382,0.0,naive (no feature history)
CNE100001WV3,Sinomine Resource Group Co Ltd Class A,002738,CHN,Basic Materials,Aug-26,0.002657726276057126,0.002795452931778652,0.0014503182654247565,0.0023522073995111926,0.004857267910240863,0.0,naive (no feature history)
CNE100000XB5,Kingnet Network Co Ltd Class A,002517,CHN,Communication Services,Aug-26,0.0026376679645397135,0.0027743551738029643,0.001432638495854851,0.0022985799954889745,0.004773277658216153,0.0,naive (no feature history)
CNE100001VX1,Hangzhou First Applied Material Co Ltd Class A,603806,CHN,Technology,Aug-26,0.002988688416094428,0.0027675875426387414,0.0013823583071950645,0.002299402156577422,0.004727806161424206,-11.960251609445054,ridge_a0.1
CNE100003QK4,Maxscend Microelectronics Co Ltd Class A,300782,CHN,Technology,Aug-26,0.002968630104577016,0.0027420920687967246,0.0014037734789586775,0.0023118977663692418,0.004890519853896916,-12.181905134935342,ridge_a0.1
CNE000001GD5,Hundsun Technologies Inc Class A,600570,CHN,Technology,Aug-26,0.0029987175718531344,0.002733035678696683,0.0013796835519999321,0.0022683874326508745,0.004598636244603603,-13.350152516654243,ridge_a0.1
CNE100001V45,Spring Airlines Co Ltd Class A,601021,CHN,Industrials,Aug-26,0.002918484325783485,0.0027300680527378783,0.0014170980429111285,0.00232515304543028,0.004717447809298486,-11.064700164009459,ridge_a0.1
CNE100000X10,Chongqing Afari Technology Co Ltd Class A,601777,CHN,Consumer Cyclical,Aug-26,0.002587522185746183,0.0027216107788637445,0.0014373969261000108,0.0022735500194336596,0.0046270462515348625,0.0,naive (no feature history)
CNE100005R96,Jinko Solar Co Ltd Class A,688223,CHN,Technology,Aug-26,0.0030588925064053713,0.002717972133171688,0.0013654402268388956,0.0022296810131420043,0.004599831982588593,-15.522928517286827,ridge_a0.1
CNE100003F43,Tianfeng Securities Co Ltd Class A,601162,CHN,Financial Services,Aug-26,0.003088979973681489,0.002716119023818628,0.00138714780381687,0.0022626220199534817,0.004682266844087264,-16.40279247384018,ridge_a0.1
CNE0000011S1,Huadong Medicine Co Ltd Class A,000963,CHN,Healthcare,Aug-26,0.0029285134815421913,0.0027110688025768223,0.0014044358715959776,0.0022540582496109367,0.004855728788869052,-11.986077276035171,ridge_a0.1
CNE1000008K2,Shanghai Stonehill Technology Co Ltd Class A,002195,CHN,Technology,Aug-26,0.0025574347184700646,0.002689964141900213,0.0013632256142400187,0.002280114560783606,0.004606654513686007,0.0,naive (no feature history)
CNE000000FB3,Wanxiang Qianchao Co Ltd Class A,000559,CHN,Consumer Cyclical,Aug-26,0.0025574347184700646,0.002689964141900213,0.0014126178089658911,0.0022148044938272342,0.004573383312783739,0.0,naive (no feature history)
CNE100006KH6,CSI Solar Co Ltd Ordinary Shares - Class A,688472,CHN,Technology,Aug-26,0.0025574347184700646,0.002689964141900213,0.0013875613812819577,0.002245193746823697,0.004782171085503678,0.0,naive (no feature history)
CNE1000010N2,37 Interactive Entertainment Network Technology Group Co Ltd Class A,002555,CHN,Communication Services,Aug-26,0.0028181927681964238,0.0026647318776160667,0.0013722642117948566,0.002222424599940329,0.004615554153814206,-10.103892519124193,ridge_a0.1
CNE1000010F8,Inner Mongolia Junzheng Energy & Chemical Group Co Ltd Class A,601216,CHN,Basic Materials,Aug-26,0.0028482802354725424,0.0026438213306438966,0.0013670050500107995,0.0021638131447931355,0.004655563294831718,-11.751475695132855,ridge_a0.1
CNE100003T39,Shenzhen New Industries Biomedical Engineering Co Ltd Class A,300832,CHN,Healthcare,Aug-26,0.002918484325783485,0.002633889683226546,0.001345356748211834,0.002183546246664594,0.004448171205583569,-14.197827970713348,ridge_a0.1
CNE000001JP3,Kingfa Sci & Tec Co Ltd Class A,600143,CHN,Basic Materials,Aug-26,0.002467172316641709,0.0025950242310096164,0.0013130831634599195,0.0021613853327931273,0.0043677371778805775,0.0,naive (no feature history)
CNE1000058S0,iSoftstone Information Technology (Group) Co Ltd Class A,301236,CHN,Technology,Aug-26,0.0028282219239551304,0.002581852351125599,0.0013067235616670005,0.0021222544244679275,0.004445050188393455,-13.208741878867885,ridge_a0.1
CNE100004C45,APT Medical Inc Class A,688617,CHN,Healthcare,Aug-26,0.0024270556936068846,0.002552828715058241,0.0012868524050396824,0.0020812663653063408,0.004381611084515753,0.0,naive (no feature history)
CNE000000MD5,Anhui Gujing Distillery Co Ltd Class A,000596,CHN,Consumer Defensive,Aug-26,0.002717901210609363,0.002518838288849015,0.0013274580732110374,0.002093344090410139,0.004310147136312488,-11.890104696187645,ridge_a0.1
CNE100003LQ2,Bank of Suzhou Co Ltd Class A,002966,CHN,Financial Services,Aug-26,0.00238693907057206,0.002510633199106865,0.001259836626169504,0.0020890647814285376,0.0043632174754296505,0.0,naive (no feature history)
CNE1000049X9,CNGR Advanced Materials Co Ltd Class A,300919,CHN,Basic Materials,Aug-26,0.002677784587574538,0.002503996704940504,0.0012914862412153221,0.0020621547661055463,0.00425798765773977,-11.097048100387546,ridge_a0.1
CNE100005QH5,Loongson Technology Corp Ltd Class A,688047,CHN,Technology,Aug-26,0.0028181927681964238,0.0025019467140353522,0.0012524838283081918,0.0020940359523955172,0.004434157717151065,-15.595534167752492,ridge_a0.1
CNE100000FW8,Shenzhen Salubris Pharmaceuticals Co Ltd Class A,002294,CHN,Healthcare,Aug-26,0.0023769099148133544,0.002500084320119021,0.0012788258824859003,0.0020825446922579103,0.0043088688361374765,0.0,naive (no feature history)
CNE000000KN8,Chengtun Mining Group Co Ltd Class A,600711,CHN,Basic Materials,Aug-26,0.002366880759054648,0.0024895354411311773,0.001266277037380743,0.002032763420577326,0.004202683771433887,0.0,naive (no feature history)
CNE100000T40,Shenzhen Everwin Precision Technology Co Ltd Class A,300115,CHN,Technology,Aug-26,0.002356851603295942,0.0024789865621433335,0.0012633430435319368,0.002055636596371725,0.004263008272647053,0.0,naive (no feature history)
CNE100005Q55,Guobo Electronics Co Ltd Class A,688375,CHN,Technology,Aug-26,0.002356851603295942,0.0024789865621433335,0.0012470424656344044,0.0020132620367119113,0.004371876236640856,0.0,naive (no feature history)
CNE000000C66,Shanghai Baosight Software Co Ltd Class A,600845,CHN,Technology,Aug-26,0.0026677554318158317,0.0024729013866456235,0.0012861502310930232,0.002052216494543168,0.004210994926828513,-11.870998188339781,ridge_a0.1
CNE000000X38,Shanghai Fosun Pharmaceutical (Group) Co Ltd Class A,600196,CHN,Healthcare,Aug-26,0.0026476971202984197,0.002463110549975026,0.0012343047110496062,0.002020160885156199,0.004332047419109167,-11.554922421593181,ridge_a0.1
CNE000001P52,Shandong Sunpaper Co Ltd Class A,002078,CHN,Basic Materials,Aug-26,0.0026276388087810073,0.0024332745049201483,0.0012462766181890776,0.001991717364407842,0.0041840037249554745,-11.959296514920279,ridge_a0.1
CNE0000005Q7,Shenergy Co Ltd Class A,600642,CHN,Utilities,Aug-26,0.0026476971202984197,0.0024283468476640714,0.0012661787104527949,0.002045463585357437,0.0040960257919516125,-12.803213265800794,ridge_a0.1
CNE100003LY6,Shanghai BOCHU Electronic Technology Corp Ltd Class A,688188,CHN,Technology,Aug-26,0.0027881053009203055,0.002368853642805784,0.0012064682986123556,0.0019618467463845624,0.004199638584028387,-19.223111015826266,ridge_a0.1
CNE100003G83,JL Mag Rare-Earth Co Ltd Class A,300748,CHN,Industrials,Aug-26,0.002246530889950174,0.0023629488932770492,0.0012094974199433233,0.0019521816126286354,0.003977834561573698,0.0,naive (no feature history)
CNE100001617,Beijing Enlight Media Co Ltd Class A,300251,CHN,Communication Services,Aug-26,0.002246530889950174,0.0023629488932770492,0.001183279030390107,0.0019338680539831474,0.004023369506090158,0.0,naive (no feature history)
CNE000001C32,Hainan Airport Infrastructure Co Ltd Class A,600515,CHN,Real Estate,Aug-26,0.002467172316641709,0.002328058100563739,0.0012228383560689263,0.0019394281882610972,0.004210992842321686,-10.2876160945138,ridge_a0.1
CNE000000GJ4,Sichuan Changhong Electric Co Ltd Class A,600839,CHN,Consumer Cyclical,Aug-26,0.0021963851111566437,0.0023102044983378295,0.0011914484242039594,0.0018972013212366467,0.0040252919352914505,0.0,naive (no feature history)
CNE000000WD4,Wintime Energy Group Co Ltd Class A,600157,CHN,Energy,Aug-26,0.002567463874228771,0.0022999722199235195,0.001189555125527454,0.001906335401393042,0.0038695949186409308,-14.832026280429517,ridge_a0.1
CNE100003F50,Bank of Changsha Co Ltd Class A,601577,CHN,Financial Services,Aug-26,0.0021863559553979375,0.0022996556193499856,0.001173819335743778,0.0019003535564091519,0.003979843372320001,0.0,naive (no feature history)
CNE1000000F9,Leo Group Co Ltd Class A,002131,CHN,Communication Services,Aug-26,0.0021763267996392317,0.0022891067403621418,0.001166891419471322,0.00190304462351338,0.004013237534048795,0.0,naive (no feature history)
CNE100001260,Sunwoda Electronic Co Ltd Class A,300207,CHN,Industrials,Aug-26,0.0023969682263307664,0.0022591469139645586,0.0011570440710655233,0.0018677724745463735,0.004029709690210466,-10.393345502764086,ridge_a0.1
CNE100004P24,Xinjiang Daqo New Energy Co Ltd Class A,688303,CHN,Basic Materials,Aug-26,0.0024370848493655904,0.002218479518136943,0.0011422677895024855,0.0018793243933072322,0.003904935664316741,-13.45482915627533,ridge_a0.1
CNE0000017Y6,Yonyou Network Technology Co Ltd Class A,600588,CHN,Technology,Aug-26,0.00238693907057206,0.0021783859139959273,0.0011223014361123056,0.0017780768628642527,0.00372476061974782,-13.233605180921357,ridge_a0.1
CNE1000015M3,LB Group Co Ltd Class A,002601,CHN,Basic Materials,Aug-26,0.0023167349802611175,0.002165475945195069,0.001118332416380309,0.0017922935395753275,0.003793592736550389,-11.134114327154995,ridge_a0.1
CNE100000KT4,GEM Co Ltd Class A,002340,CHN,Industrials,Aug-26,0.00238693907057206,0.002161046606187307,0.0010874381470021473,0.0018000072918182895,0.003826631052022748,-13.924240030121487,ridge_a0.1
CNE100003MF3,Western Superconducting Technologies Co Ltd Class A,688122,CHN,Industrials,Aug-26,0.0023167349802611175,0.0021254220002424303,0.0010844561146820474,0.0017747510331434554,0.0037429696268020548,-12.777831174162934,ridge_a0.1
CNE100000XX9,Yonghui Superstores Co Ltd Class A,601933,CHN,Consumer Cyclical,Aug-26,0.001955685372947696,0.002057031402629574,0.0010736604639089583,0.0017296304288027657,0.00348533737474424,0.0,naive (no feature history)
CNE0000011K8,China Resources Sanjiu Medical & Pharmaceutical Co Ltd Class A,000999,CHN,Healthcare,Aug-26,0.0021763267996392317,0.00205160005031196,0.0010603815659240758,0.0017203275373893726,0.003546481013629388,-10.375518356676002,ridge_a0.1
CNE0000003W0,CCOOP Group Co Ltd Class A,000564,CHN,Consumer Cyclical,Aug-26,0.0019456562171889904,0.0020464825236417303,0.00104556724941522,0.00170613916225275,0.0035992056701378314,0.0,naive (no feature history)
CNE000000LP1,BAIC BluePark New Energy Technology Co Ltd Class A,600733,CHN,Consumer Cyclical,Aug-26,0.0021963851111566437,0.0020283800885306873,0.0010526996467666457,0.0016596730904879496,0.003469323646243501,-12.199110944936356,ridge_a0.1
CNE100002V10,Hoshine Silicon Industry Co Ltd Class A,603260,CHN,Basic Materials,Aug-26,0.0021763267996392317,0.001998309829452225,0.0010224750716308277,0.0016556375063215554,0.0032374952354139314,-12.703510316164301,ridge_a0.1
CNE1000023N5,Zhejiang Weiming Environment Protection Co Ltd Class A,603568,CHN,Industrials,Aug-26,0.002136210176604407,0.001986308862132613,0.0010522296741480098,0.0016302077399233399,0.003398881791351469,-11.598249162981213,ridge_a0.1
CNE000001006,Hunan Valin Steel Co Ltd Class A,000932,CHN,Basic Materials,Aug-26,0.0021161518650869944,0.001981140702274432,0.0010337839844017848,0.0016699037035079155,0.003505102136932771,-10.992509832934024,ridge_a0.1
CNE100005584,Geovis Technology Co Ltd Class A,688568,CHN,Technology,Aug-26,0.0018553938153606352,0.0019515426127511347,0.0010165930269262489,0.0016314610420767232,0.0034153883039714913,0.0,naive (no feature history)
CNE1000031N8,Ecovacs Robotics Co Ltd Class A,603486,CHN,Consumer Cyclical,Aug-26,0.0020359186190173455,0.0019254804045032072,0.0009848790386646246,0.001605471314747846,0.00329331933555649,-10.08404631178151,ridge_a0.1
CNE100001T23,Ningbo Orient Wires & Cables Co Ltd Class A,603606,CHN,Industrials,Aug-26,0.002086064397810876,0.0019218114217932159,0.0009663100323722327,0.0015694838630610532,0.0033704690296767763,-12.412702809107987,ridge_a0.1
CNE000000QS4,Beijing New Building Material PLC Class A,000786,CHN,Industrials,Aug-26,0.002015860307499933,0.0018649903234264618,0.0009446842572221383,0.0015305639175823217,0.0030440119381166314,-12.04222900168449,ridge_a0.1
CNE0000014G0,Angel Yeast Co Ltd Class A,600298,CHN,Consumer Defensive,Aug-26,0.0017651314135322797,0.0018566027018605386,0.0009429890469282021,0.0015311446793892704,0.0034230100350365203,0.0,naive (no feature history)
CNE100000T24,Guangzhou Haige Communications Group Inc Co Class A,002465,CHN,Technology,Aug-26,0.0017651314135322797,0.0018566027018605386,0.0009582855383456931,0.0015279806430490875,0.0031676075189557965,0.0,naive (no feature history)
CNE0000007J8,Changchun High-Tech Industry (Group) Co Ltd Class A,000661,CHN,Healthcare,Aug-26,0.0021161518650869944,0.0018375645111151902,0.0009435026355413358,0.0014970654420313023,0.0031786943101088008,-17.443014033953055,ridge_a0.1
CNE100001Y83,Mango Excellent Media Co Ltd Class A,300413,CHN,Consumer Cyclical,Aug-26,0.001955685372947696,0.001819737536084281,0.0009294403648341717,0.0015173055011146967,0.0032447241635283493,-11.535743510864835,ridge_a0.1
CNE000001BB0,China National Software & Service Co Ltd Class A,600536,CHN,Technology,Aug-26,0.0020258894632586393,0.0018092360668867543,0.0009218347055562039,0.0014905319714760554,0.002984332533309181,-15.094161163192188,ridge_a0.1
CNE1000000B8,TCL Zhonghuan Renewable Energy Technology Co Ltd Class A,002129,CHN,Technology,Aug-26,0.001995801995982521,0.0018042325350283543,0.0009178855419684909,0.0014673700576682926,0.0031256361375106797,-14.052524810038559,ridge_a0.1
CNE000000C82,Shanghai Pharmaceuticals Holding Co Ltd Class A,601607,CHN,Healthcare,Aug-26,0.0018754521268780472,0.001801545106087722,0.000912411802376956,0.0014990256005657987,0.0031255370679567013,-8.673413926739224,ridge_a0.1
CNE100001NQ2,Guangzhou Automobile Group Co Ltd Class A,601238,CHN,Consumer Cyclical,Aug-26,0.001955685372947696,0.001793683421782182,0.0009363915485014991,0.001462559154071578,0.003028186400405445,-12.802331578931913,ridge_a0.1
CNE100000VV7,Dajin Heavy Industry Co Ltd Class A,002487,CHN,Industrials,Aug-26,0.0016447815444278061,0.0017300161540064112,0.0008963225138888509,0.0014392436543430721,0.0030970385358059928,0.0,naive (no feature history)
AEE000701012,Emirates Integrated Telecommunications Co PJSC,DU,ARE,Communication Services,Aug-26,0.0016146940771516879,0.0016983695170428794,0.0008727043456830025,0.0013990222410780531,0.0028457415960352135,0.0,naive (no feature history)
CNE100003ZR0,Trina Solar Co Ltd Class A,688599,CHN,Technology,Aug-26,0.0019657145287064024,0.0016861867495351266,0.0008680071573859538,0.0014021356829953505,0.0029713934430078753,-18.44637112634564,ridge_a0.1
CNE1000016C2,Hebei Changshan Biochemical Pharmaceutical Co Ltd Class A,300255,CHN,Healthcare,Aug-26,0.0015846066098755694,0.0016667228800793475,0.0008611378402903571,0.0013920765427637293,0.00290249286114225,0.0,naive (no feature history)
CNE100000C31,Shanghai RAAS Blood Products Co Ltd Class A,002252,CHN,Healthcare,Aug-26,0.0017952188808083981,0.0016581209075740718,0.0008557622454826253,0.0013871480152223697,0.0028438994286158347,-12.18739636330623,ridge_a0.1
CNE0000000T2,China Vanke Co Ltd Class A,000002,CHN,Real Estate,Aug-26,0.0018052480365671041,0.0016157347226562527,0.0008196563353105192,0.0013363198426312934,0.0027715630213323316,-14.907507943727222,ridge_a0.1
CNE100000V20,Chongqing Zhifei Biological Products Co Ltd Class A,300122,CHN,Healthcare,Aug-26,0.0017952188808083981,0.0016138918115409647,0.0008183630095521172,0.0013435541091037656,0.0028586934061040356,-14.529729821272714,ridge_a0.1
CNE000000VB0,New Hope Liuhe Co Ltd Class A,000876,CHN,Consumer Defensive,Aug-26,0.001775160569290986,0.0015545100566709642,0.0007820161961558527,0.001250652430110258,0.0026637994918202717,-16.74430332192755,ridge_a0.1
CNE1000011H2,Changzhou Xingyu Automotive Lighting Systems Co Ltd Class A,601799,CHN,Consumer Cyclical,Aug-26,0.0016447815444278061,0.001512787732485184,0.0007742204360213084,0.001263803818341436,0.0026834431871670546,-12.556438910594242,ridge_a0.1
CNE100004090,Beijing Wantai Biological Pharmacy Enterprise Co Ltd Class A,603392,CHN,Healthcare,Aug-26,0.0016347523886690997,0.0014944305213714856,0.0007637984825661401,0.001236273676450132,0.0025667377648779734,-13.087585725913357,ridge_a0.1
CNE100004868,Imeik Technology Development Co Ltd Class A,300896,CHN,Healthcare,Aug-26,0.0016848981674626308,0.001492806426942804,0.0007589289163680769,0.0012414184469919617,0.00241262817810431,-15.765906959727815,ridge_a0.1
INE745G01043,Multi Commodity Exchange of India Ltd,MCX,IND,Financial Services,Aug-26,0.0013739943389427403,0.0014451964213346236,0.0007465137944175559,0.0011960866120196876,0.002381078678744233,0.0,naive (no feature history)
CNE100000SD1,JA Solar Technology Co Ltd Class A,002459,CHN,Technology,Aug-26,0.0016447815444278061,0.0014141841738862621,0.0007058445697928198,0.0011840545386022703,0.0024613568758734827,-18.2560133550625,ridge_a0.1
CNE000000V89,Shanghai International Airport Co Ltd Class A,600009,CHN,Industrials,Aug-26,0.001554519142599451,0.001382377634175071,0.0007108478825025534,0.0011338497066881875,0.002366369460247728,-15.454851723562433,ridge_a0.1
CNE100001567,Ningbo Sanxing Medical Electric Co Ltd Class A,601567,CHN,Industrials,Aug-26,0.0015344608310820383,0.0013164585691844185,0.000668167959041362,0.001095123394095353,0.002209106552055151,-18.433945600574578,ridge_a0.1
CNE100001KV8,Hangzhou Tigermed Consulting Co Ltd Class A,300347,CHN,Healthcare,Aug-26,0.0012937610928730914,0.0011903048046330842,0.0006247808209986553,0.000979071855348127,0.0020956121385831785,-12.529387825982303,ridge_a0.1
RU0009029540,Sberbank of Russia PJSC,SBER,RUS,Financial Services,Aug-26,1.0029155758706136e-05,9.020649063350613e-06,4.673769697153242e-06,7.652055761875874e-06,1.5495360909666383e-05,-14.48713106155089,ridge_a0.1
